"PID", "Creator", "Object title", "Type", "Format", "Licence/Copyright", "when", "notBefore", "notAfter", "OCM", "Internal keywords", "Image number", "Image 1" 
"o:baci.1001"," "," Croatian actor and film director Vjekoslav Afrić (1906–1980) ","Photograph","Not specified","Jugoslovenska kinoteka, Belgrade"," "," 1945 "," 1960 "," 546; 540; 545 ","  "," 1 "," baci.1001-IMAGE.1.jpg " 
"o:baci.1002"," "," Serbian acrobat and film director Dragoljub Aleksić (1900–1985) ","Photograph","Not specified","Jugoslovenska kinoteka, Belgrade"," "," 1918 "," 1945 "," 541; 540; 542; 546; 292; 290 ","  "," 1 "," baci.1002-IMAGE.1.jpg " 
"o:baci.1003"," "," Serbian cinema-owner and film producer Djordje Djoko Bogdanović (1860–1914) ","Photograph","Not specified","Jugoslovenska kinoteka, Belgrade"," "," "," 1914 "," 546; 540 ","  "," 1 "," baci.1003-IMAGE.1.jpg " 
"o:baci.1004"," "," Serbian cinema owner and film producer Svetozar Botorić (1857–1916) ","Photograph","Not specified","Jugoslovenska kinoteka, Belgrade"," "," "," 1914 "," 546; 540 ","  "," 1 "," baci.1004-IMAGE.1.jpg " 
"o:baci.1005"," "," Advertisement for Svetozar Botorić as Pathé’s representative for Serbia and Bulgaria ","Newspaper advertisement","Not specified","Jugoslovenska kinoteka, Belgrade"," 1911 "," "," "," 546; 540; 447; 440 ","  "," 1 "," baci.1005-IMAGE.1.jpg " 
"o:baci.1006"," "," Croatian film director Rajko Grlić (b. 1947) and Serbian film director Srdjan Karanović (b. 1945) ","Photograph","Not specified","Jugoslovenska kinoteka, Belgrade"," "," 1975 "," 1985 "," 546; 540 ","  "," 1 "," baci.1006-IMAGE.1.jpg " 
"o:baci.1007"," "," Slovene film director Boštjan Hladnik (1929–2006) ","Photograph","Not specified","Jugoslovenska kinoteka, Belgrade"," "," 1965 "," 1975 "," 546; 540 ","  "," 1 "," baci.1007-IMAGE.1.jpg " 
"o:baci.1008"," "," Bosnian film director Emir Kusturica (b. 1954) ","Photograph","Not specified","Jugoslovenska kinoteka, Belgrade"," "," 1980 "," 1990 "," 546; 540; 547 ","  "," 1 "," baci.1008-IMAGE.1.jpg " 
"o:baci.1009"," "," Serbian film director Dušan Makavejev (b. 1932) ","Photograph","Not specified","Jugoslovenska kinoteka, Belgrade"," "," 1960 "," 1970 "," 546; 540 ","  "," 1 "," baci.1009-IMAGE.1.jpg " 
"o:baci.1010"," "," Serbian film director Goran Marković (b. 1946) ","Photograph","Not specified","Jugoslovenska kinoteka, Belgrade"," "," 1975 "," 1985 "," 546; 540 ","  "," 1 "," baci.1010-IMAGE.1.jpg " 
"o:baci.1011"," "," Serbian film director Živorad ‘Žiko’ Mitrović (1921–2005) ","Photograph","Not specified","Jugoslovenska kinoteka, Belgrade"," "," 1950 "," 1960 "," 546; 540 ","  "," 1 "," baci.1011-IMAGE.1.jpg " 
"o:baci.1012"," "," Serbian film director Kosta Novaković (1895–1953) ","Photograph","Not specified","Jugoslovenska kinoteka, Belgrade"," "," 1918 "," 1941 "," 546; 540 ","  "," 1 "," baci.1012-IMAGE.1.jpg " 
"o:baci.1013"," "," Serbian film director Kosta Novaković (1895–1953) ","Photograph","Not specified","Jugoslovenska kinoteka, Belgrade"," "," 1918 "," 1941 "," 546; 540 ","  "," 1 "," baci.1013-IMAGE.1.jpg " 
"o:baci.1014"," "," Serbian film director Radoš Novaković (1915–1979) ","Photograph","Not specified","Jugoslovenska kinoteka, Belgrade"," "," 1945 "," "," 546; 540; 536; 530 ","  "," 1 "," baci.1014-IMAGE.1.jpg " 
"o:baci.1015"," "," Serbian film director Radoš Novaković (1915–1979) ","Photograph","Not specified","Jugoslovenska kinoteka, Belgrade"," "," 1945 "," "," 546; 540; 536; 530 ","  "," 1 "," baci.1015-IMAGE.1.jpg " 
"o:baci.1016"," "," Serbian film director Goran Paskaljević (b. 1947) ","Photograph","Not specified","Jugoslovenska kinoteka, Belgrade"," "," 1970 "," 1980 "," 546; 540 ","  "," 1 "," baci.1016-IMAGE.1.jpg " 
"o:baci.1017"," "," Serbian film director Aleksandar ‘Saša’ Petrović (1929–1994) ","Photograph","Not specified","Jugoslovenska kinoteka, Belgrade"," "," 1965 "," 1975 "," 546; 540 ","  "," 1 "," baci.1017-IMAGE.1.jpg " 
"o:baci.1018"," "," Serbian film director Mihajlo A. Popović (1908–1990) ","Photograph","Not specified","Jugoslovenska kinoteka, Belgrade"," "," "," "," 546; 540 ","  "," 1 "," baci.1018-IMAGE.1.jpg " 
"o:baci.1019"," "," Slovene film star Ita Rina (1907–1979) ","Photograph","Not specified","Jugoslovenska kinoteka, Belgrade"," 1928/29 "," "," "," 546; 540 ","  "," 1 "," baci.1019-IMAGE.1.jpg " 
"o:baci.1020"," "," Advertisement for the premiere of the melodrama ‘Erotikon’ starring Ita Rina ","Newspaper advertisement","Not specified","Jugoslovenska kinoteka, Belgrade"," 1929 "," "," "," 546; 540 ","  "," 1 "," baci.1020-IMAGE.1.jpg " 
"o:baci.1021"," "," Still from the feature ‘Fantom Durmitora’ starring Ita Rina ","Photograph","Not specified","Jugoslovenska kinoteka, Belgrade"," 1932 "," "," "," 546; 540 ","  "," 1 "," baci.1021-IMAGE.1.jpg " 
"o:baci.1022"," "," Serbian cinema-owners and film producers Boža (1862–1927), Pera (1868–1925) and Svetolik (1874–1944) Savić ","Photograph","Not specified","Jugoslovenska kinoteka, Belgrade"," "," "," 1914 "," 546; 540; 204; 200 ","  "," 1 "," baci.1022-IMAGE.1.jpg " 
"o:baci.1023"," unknown "," Serbian actor and film director Čiča Ilija Stanojević (1859–1930) ","Photograph","Not specified","Jugoslovenska kinoteka, Belgrade"," "," "," "," 546; 540; 536; 530 ","  "," 1 "," baci.1023-IMAGE.1.jpg " 
"o:baci.1024"," "," Serbian writer and cinema policy maker Aleksandar Vučo (1897–1985) ","Drawing","Not specified","Jugoslovenska kinoteka, Belgrade"," 1952 "," "," "," 546; 540 ","  "," 1 "," baci.1024-IMAGE.1.jpg " 
"o:baci.1025"," "," Advertisement for the feature ‘Les Inconnus dans la maison’ ","Leaflet","Not specified","Jugoslovenska kinoteka, Belgrade"," "," 1944 "," "," 546; 540; 447; 440 ","  "," 1 "," baci.1025-IMAGE.1.jpg " 
"o:baci.1026"," "," Advertisement for the feature ‘Coiffeur pour dames’ ","Leaflet","Not specified","Jugoslovenska kinoteka, Belgrade"," "," 1952 "," "," 546; 540; 447; 440 ","  "," 1 "," baci.1026-IMAGE.1.jpg " 
"o:baci.1027"," "," Advertisement for the feature ‘Un dia de vida’ ","Leaflet","Not specified","Jugoslovenska kinoteka, Belgrade"," "," 1952 "," "," 546; 540; 447; 440 ","  "," 1 "," baci.1027-IMAGE.1.jpg " 
"o:baci.1028"," "," Advertisement for the feature ‘Fräulein’ ","Leaflet","Not specified","Jugoslovenska kinoteka, Belgrade"," "," 1939 "," "," 546; 540; 447; 440 ","  "," 1 "," baci.1028-IMAGE.1.jpg " 
"o:baci.1029"," "," Advertisement for the feature ‘Friedemann Bach’ ","Leaflet","Not specified","Jugoslovenska kinoteka, Belgrade"," "," 1941 "," "," 546; 540; 447; 440; 533; 530 ","  "," 1 "," baci.1029-IMAGE.1.jpg " 
"o:baci.1030"," "," Advertisement for the feature film ‘Liebesgeschichten’ ","Leaflet","Not specified","Jugoslovenska kinoteka, Belgrade"," "," 1943 "," "," 546; 540; 447; 440 ","  "," 1 "," baci.1030-IMAGE.1.jpg " 
"o:baci.1031"," "," Advertisement for the feature film ‘Du gehörst zu mir’ ","Leaflet","Not specified","Jugoslovenska kinoteka, Belgrade"," "," 1943 "," "," 546; 540; 447; 440 ","  "," 1 "," baci.1031-IMAGE.1.jpg " 
"o:baci.1032"," "," Advertisement for the feature film ‘Gabriele Dambrone’ ","Leaflet","Not specified","Jugoslovenska kinoteka, Belgrade"," "," 1943 "," "," 546; 540; 447; 440 ","  "," 1 "," baci.1032-IMAGE.1.jpg " 
"o:baci.1033"," "," Advertisement for the feature film ‘Die Gattin’ ","Leaflet","Not specified","Jugoslovenska kinoteka, Belgrade"," "," 1943 "," "," 546; 540; 447; 440 ","  "," 1 "," baci.1033-IMAGE.1.jpg " 
"o:baci.1034"," "," Advertisement for the feature film ‘Tolle Nacht!’ ","Leaflet","Not specified","Jugoslovenska kinoteka, Belgrade"," "," 1943 "," "," 546; 540; 447; 440 ","  "," 1 "," baci.1034-IMAGE.1.jpg " 
"o:baci.1035"," "," Advertisement for the feature film ‘Lache, Bajazzo’ ","Leaflet","Not specified","Jugoslovenska kinoteka, Belgrade"," "," 1943 "," "," 546; 540; 447; 440 ","  "," 1 "," baci.1035-IMAGE.1.jpg " 
"o:baci.1036"," "," Advertisement for the feature film ‘Geliebter Schatz’ ","Leaflet","Not specified","Jugoslovenska kinoteka, Belgrade"," "," 1943 "," "," 546; 540; 447; 440 ","  "," 1 "," baci.1036-IMAGE.1.jpg " 
"o:baci.1037"," "," Advertisement for the feature film ‘Tonelli’ ","Leaflet","Not specified","Jugoslovenska kinoteka, Belgrade"," "," 1943 "," "," 546; 540; 447; 440 ","  "," 1 "," baci.1037-IMAGE.1.jpg " 
"o:baci.1038"," "," Advertisement for the feature film ‘Altes Herz wird wieder jung’ ","Leaflet","Not specified","Jugoslovenska kinoteka, Belgrade"," "," 1943 "," "," 546; 540; 447; 440 ","  "," 1 "," baci.1038-IMAGE.1.jpg " 
"o:baci.1039"," "," Advertisement for the feature film ‘Dr. Mabuse’ ","Leaflet","Not specified","Jugoslovenska kinoteka, Belgrade"," "," 1933 "," "," 546; 540; 447; 440 ","  "," 1 "," baci.1039-IMAGE.1.jpg " 
"o:baci.1040"," "," Advertisement for the feature film ‘Ich vertraue dir meine Frau an’ ","Leaflet","Not specified","Jugoslovenska kinoteka, Belgrade"," "," 1943 "," "," 546; 540; 447; 440 ","  "," 1 "," baci.1040-IMAGE.1.jpg " 
"o:baci.1041"," "," Advertisement for the feature film ‘The sound barrier’ ","Leaflet","Not specified","Jugoslovenska kinoteka, Belgrade"," "," 1952 "," "," 546; 540; 447; 440 ","  "," 1 "," baci.1041-IMAGE.1.jpg " 
"o:baci.1042"," "," Advertisement for the feature film ‘Ešalon doktora M.’ ","Leaflet","Not specified","Jugoslovenska kinoteka, Belgrade"," "," 1955 "," "," 546; 540; 447; 440; 726; 720 ","  "," 1 "," baci.1042-IMAGE.1.jpg " 
"o:baci.1043"," "," Advertisement for the feature film ‘Ešalon doktora M.’ ","Leaflet","Not specified","Jugoslovenska kinoteka, Belgrade"," "," 1955 "," "," 546; 540; 447; 440; 726; 720 ","  "," 1 "," baci.1043-IMAGE.1.jpg " 
"o:baci.1044"," "," Advertisement for the feature film ‘Lažni car’ ","Leaflet","Not specified","Jugoslovenska kinoteka, Belgrade"," "," 1955 "," "," 546; 540; 447; 440 ","  "," 1 "," baci.1044-IMAGE.1.jpg " 
"o:baci.1045"," "," Advertisement for the feature film ‘Brat doktora Homera’ ","Leaflet","Not specified","Jugoslovenska kinoteka, Belgrade"," "," 1968 "," "," 546; 540; 447; 440 ","  "," 1 "," baci.1045-IMAGE.1.jpg " 
"o:baci.1046"," "," Advertisement for the feature film ‘Tretiy udar’ ","Leaflet","Not specified","Jugoslovenska kinoteka, Belgrade"," "," 1948 "," "," 546; 540; 447; 440 ","  "," 1 "," baci.1046-IMAGE.1.jpg " 
"o:baci.1047"," "," Advertisement for the feature film ‘Maksim Gorkiy’ ","Leaflet","Not specified","Jugoslovenska kinoteka, Belgrade"," "," 1940 "," "," 546; 540; 447; 440 ","  "," 1 "," baci.1047-IMAGE.1.jpg " 
"o:baci.1048"," "," Advertisement for the feature film ‘Chetvyortyy periskop’ ","Leaflet","Not specified","Jugoslovenska kinoteka, Belgrade"," "," 1939 "," "," 546; 540; 447; 440 ","  "," 1 "," baci.1048-IMAGE.1.jpg " 
"o:baci.1049"," "," Advertisement for the feature film ‘Na granice’ ","Leaflet","Not specified","Jugoslovenska kinoteka, Belgrade"," "," 1938 "," "," 546; 540; 447; 440; 726; 720 ","  "," 1 "," baci.1049-IMAGE.1.jpg " 
"o:baci.1050"," "," Advertisement for the feature film ‘Deputat Baltiki’ ","Leaflet","Not specified","Jugoslovenska kinoteka, Belgrade"," "," 1936 "," "," 546; 540; 447; 440 ","  "," 1 "," baci.1050-IMAGE.1.jpg " 
"o:baci.1051"," "," Advertisement for the feature film ‘Chlen pravitelstva’ ","Leaflet","Not specified","Jugoslovenska kinoteka, Belgrade"," "," 1939 "," "," 546; 540; 447; 440 ","  "," 1 "," baci.1051-IMAGE.1.jpg " 
"o:baci.1052"," "," Advertisement for the feature film ‘Konyok–Gorbunok’ ","Leaflet","Not specified",""," "," 1941 "," "," 546; 540; 447; 440 ","  "," 1 "," baci.1052-IMAGE.1.jpg " 
"o:baci.1053"," "," Advertisement for the feature film ‘Dubrovski’ ","Leaflet","Not specified",""," "," 1935 "," "," 546; 540; 447; 440 ","  "," 1 "," baci.1053-IMAGE.1.jpg " 
"o:baci.1054"," "," Advertisement for the feature film ‘Pervoklassnitsa’ ","Leaflet","Not specified","Jugoslovenska kinoteka, Belgrade"," "," 1948 "," "," 546; 540; 447; 440; 857; 850 ","  "," 1 "," baci.1054-IMAGE.1.jpg " 
"o:baci.1055"," "," Advertisement for the feature film ‘Yunost Masima’ ","Leaflet","Not specified","Jugoslovenska kinoteka, Belgrade"," "," 1934 "," "," 546; 540; 447; 440; 883; 880 ","  "," 1 "," baci.1055-IMAGE.1.jpg " 
"o:baci.1056"," "," Advertisement for the feature fikm ‘Selskaya uchitelnitsa’ ","Leaflet","Not specified","Jugoslovenska kinoteka, Belgrade"," "," 1947 "," "," 546; 540; 447; 440; 883; 880 ","  "," 1 "," baci.1056-IMAGE.1.jpg " 
"o:baci.1057"," "," Advertisement for the feature film ‘Yego zovut Sukhe-Bator’ ","Leaflet","Not specified","Jugoslovenska kinoteka, Belgrade"," "," 1942 "," "," 546; 540; 447; 440; 726; 720 ","  "," 1 "," baci.1057-IMAGE.1.jpg " 
"o:baci.1058"," "," Advertisement for the feature film ‘Maryte’ ","Leaflet","Not specified","Jugoslovenska kinoteka, Belgrade"," "," 1947 "," "," 546; 540; 447; 440 ","  "," 1 "," baci.1058-IMAGE.1.jpg " 
"o:baci.1059"," "," Advertisement for the feature film ‘Carrie’ ","Leaflet","Not specified","Jugoslovenska kinoteka, Belgrade"," "," 1952 "," "," 546; 540; 447; 440 ","  "," 1 "," baci.1059-IMAGE.1.jpg " 
"o:baci.1060"," "," Advertisement for the feature film ‘Carrie’ ","Leaflet","Not specified","Jugoslovenska kinoteka, Belgrade"," "," 1952 "," "," 546; 540; 447; 440 ","  "," 1 "," baci.1060-IMAGE.1.jpg " 
"o:baci.1061"," "," Advertisement for the feature film ‘Rhapsody in Blue’ ","Leaflet","Not specified","Jugoslovenska kinoteka, Belgrade"," "," 1945 "," "," 546; 540; 447; 440; 533; 530 ","  "," 1 "," baci.1061-IMAGE.1.jpg " 
"o:baci.1062"," "," Advertisement for the feature film ‘Born Yesterday’ ","Leaflet","Not specified","Jugoslovenska kinoteka, Belgrade"," "," 1951 "," "," 546; 540; 447; 440 ","  "," 1 "," baci.1062-IMAGE.1.jpg " 
"o:baci.1063"," "," Advertisement for the feature film ‘The Frogmen’ ","Leaflet","Not specified","Jugoslovenska kinoteka, Belgrade"," "," 1951 "," "," 546; 540; 447; 440; 726; 720 ","  "," 1 "," baci.1063-IMAGE.1.jpg " 
"o:baci.1064"," "," Advertisement for the movie ‘Force of Arms’ ","Leaflet","Not specified","Jugoslovenska kinoteka, Belgrade"," "," 1951 "," "," 546; 540; 447; 440; 726; 720 ","  "," 1 "," baci.1064-IMAGE.1.jpg " 
"o:baci.1065"," "," Advertisement for the feature film ‘The Secret Life of Walter Mitty’ ","Leaflet","Not specified","Jugoslovenska kinoteka, Belgrade"," "," 1947 "," "," 546; 540; 447; 440 ","  "," 1 "," baci.1065-IMAGE.1.jpg " 
"o:baci.1066"," "," Advertisement for the feature film ‘Vendetta’ ","Leaflet","Not specified","Jugoslovenska kinoteka, Belgrade"," "," 1950 "," "," 546; 540; 447; 440 ","  "," 1 "," baci.1066-IMAGE.1.jpg " 
"o:baci.1067"," "," Advertisement for the feature film ‘Go for Broke!’ ","Folder","Not specified","Jugoslovenska kinoteka, Belgrade"," "," 1951 "," "," 546; 540; 447; 440; 726; 720 ","  "," 1 "," baci.1067-IMAGE.1.jpg " 
"o:baci.1068"," "," Advertisement for the feature film ‘A Streetcar Named Desire’ ","Leaflet","Not specified","Jugoslovenska kinoteka, Belgrade"," "," 1951 "," "," 546; 540; 447; 440 ","  "," 1 "," baci.1068-IMAGE.1.jpg " 
"o:baci.1069"," "," Advertisement for the feature film ‘Pinocchio’ ","Leaflet","Not specified","Jugoslovenska kinoteka, Belgrade"," "," 1940 "," "," 546; 540; 447; 440 ","  "," 1 "," baci.1069-IMAGE.1.jpg " 
"o:baci.1070"," "," Advertisement for the feature film ‘Dumbo’ ","Folder","Not specified","Jugoslovenska kinoteka, Belgrade"," "," 1941 "," "," 546; 540; 447; 440 ","  "," 1 "," baci.1070-IMAGE.1.jpg " 
"o:baci.1071"," "," Advertisement for the feature film ‘The Snows of Kilimanjaro’ ","Leaflet","Not specified","Jugoslovenska kinoteka, Belgrade"," "," 1952 "," "," 546; 540; 447; 440 ","  "," 1 "," baci.1071-IMAGE.1.jpg " 
"o:baci.1072"," "," Advertisement for the feature film ‘When Worlds Collide’ ","Leaflet","Not specified","Jugoslovenska kinoteka, Belgrade"," "," 1951 "," "," 546; 540; 447; 440 ","  "," 1 "," baci.1072-IMAGE.1.jpg " 
"o:baci.1073"," "," Advertisement for the feature film ‘Along the Great Divide’ ","Leaflet","Not specified","Jugoslovenska kinoteka, Belgrade"," "," 1951 "," "," 546; 540; 447; 440 ","  "," 1 "," baci.1073-IMAGE.1.jpg " 
"o:baci.1074"," "," Advertisement for the feature film ‘Ben Hur’ ","Leaflet","Not specified","Jugoslovenska kinoteka, Belgrade"," "," 1926 "," "," 546; 540; 447; 440 ","  "," 1 "," baci.1074-IMAGE.1.jpg " 
"o:baci.1075"," "," Advertisement for the feature film ‘Viva Villa!’ ","Leaflet","Not specified","Jugoslovenska kinoteka, Belgrade"," "," 1934 "," "," 546; 540; 447; 440 ","  "," 1 "," baci.1075-IMAGE.1.jpg " 
"o:baci.1076"," "," Advertisement for the feature film ‘Viva Zapata’ ","Leaflet","Not specified","Jugoslovenska kinoteka, Belgrade"," "," 1952 "," "," 546; 540; 447; 440; 726; 720 ","  "," 1 "," baci.1076-IMAGE.1.jpg " 
"o:baci.1077"," "," Advertisement for the feature film ‘Across the Wide Missouri’ ","Leaflet","Not specified","Jugoslovenska kinoteka, Belgrade"," "," 1951 "," "," 546; 540; 447; 440 ","  "," 1 "," baci.1077-IMAGE.1.jpg " 
"o:baci.1078"," "," Advertisement for the feature film ‘Decision Before Dawn’ ","Leaflet","Not specified","Jugoslovenska kinoteka, Belgrade"," "," 1951 "," "," 546; 540; 447; 440; 726; 720 ","  "," 1 "," baci.1078-IMAGE.1.jpg " 
"o:baci.1079"," "," Advertisement for the feature film ‘The Thief’ ","Leaflet","Not specified","Jugoslovenska kinoteka, Belgrade"," "," 1952 "," "," 546; 540; 447; 440 ","  "," 1 "," baci.1079-IMAGE.1.jpg " 
"o:baci.1080"," "," Advertisement for the feature film ‘All Ashore’ ","Leaflet","Not specified","Jugoslovenska kinoteka, Belgrade"," "," 1952 "," "," 546; 540; 447; 440 ","  "," 1 "," baci.1080-IMAGE.1.jpg " 
"o:baci.1081"," "," Advertisement for the feature film ‘Tarzan and his Mate’ ","Leaflet","Not specified","Jugoslovenska kinoteka, Belgrade"," "," 1934 "," "," 546; 540; 447; 440 ","  "," 1 "," baci.1081-IMAGE.1.jpg " 
"o:baci.1082"," "," Advertisement for the feature film ‘The Man Between’ ","Leaflet","Not specified","Jugoslovenska kinoteka, Belgrade"," "," 1953 "," "," 546; 540; 447; 440 ","  "," 1 "," baci.1082-IMAGE.1.jpg " 
"o:baci.1083"," "," Advertisement for the feature film ‘Now and Forever’ ","Leaflet","Not specified","Jugoslovenska kinoteka, Belgrade"," "," 1934 "," "," 546; 540; 447; 440 ","  "," 1 "," baci.1083-IMAGE.1.jpg " 
"o:baci.1084"," "," Advertisement for the feature film ‘Sabrina’ ","Leaflet","Not specified","Jugoslovenska kinoteka, Belgrade"," "," 1954 "," "," 546; 540; 447; 440 ","  "," 1 "," baci.1084-IMAGE.1.jpg " 
"o:baci.1085"," "," Advertisement for the feature film ‘El Cid’ ","Leaflet","Not specified","Jugoslovenska kinoteka, Belgrade"," "," 1961 "," "," 546; 540; 447; 440 ","  "," 1 "," baci.1085-IMAGE.1.jpg " 
"o:baci.1086"," "," Advertisement for the feature film ‘Two Weeks in Another Town’ ","Leaflet","Not specified","Jugoslovenska kinoteka, Belgrade"," "," 1962 "," "," 546; 540; 447; 440 ","  "," 1 "," baci.1086-IMAGE.1.jpg " 
"o:baci.1087"," "," Advertisement for movies starring Buster Keaton, Stan Laurel and Oliver Hardy ","Leaflet","Not specified","Jugoslovenska kinoteka, Belgrade"," "," 1939 "," "," 546; 540; 447; 440; 726; 720 ","  "," 1 "," baci.1087-IMAGE.1.jpg " 
"o:baci.1088"," "," Advertisement for the feature film ‘Der Sieger’ ","Leaflet","Not specified","Jugoslovenska kinoteka, Belgrade"," "," 1932 "," "," 546; 540; 447; 440 ","  "," 1 "," baci.1088-IMAGE.1.jpg " 
"o:baci.1089"," "," Advertisement for the feature film ‘Zwei Herzen und ein Schlag’ ","Leaflet","Not specified","Jugoslovenska kinoteka, Belgrade"," "," 1932 "," "," 546; 540; 447; 440 ","  "," 1 "," baci.1089-IMAGE.1.jpg " 
"o:baci.1090"," "," Advertisement for the feature film ‘Die Nacht der großen Liebe’ ","Leaflet","Not specified","Jugoslovenska kinoteka, Belgrade"," "," 1933 "," "," 546; 540; 447; 440 ","  "," 1 "," baci.1090-IMAGE.1.jpg " 
"o:baci.1091"," "," Advertisement for the feature film ‘G‘schichten aus dem Wienerwald’ ","Leaflet","Not specified","Jugoslovenska kinoteka, Belgrade"," "," 1934 "," "," 546; 540; 447; 440 ","  "," 1 "," baci.1091-IMAGE.1.jpg " 
"o:baci.1092"," "," Advertisement for the feature film ‘Ihr größter Erfolg’ ","Leaflet","Not specified","Jugoslovenska kinoteka, Belgrade"," "," 1930 "," "," 546; 540; 447; 440 ","  "," 1 "," baci.1092-IMAGE.1.jpg " 
"o:baci.1093"," "," Advertisement for the feature film ‘The Barbarian’ ","Leaflet","Not specified","Jugoslovenska kinoteka, Belgrade"," "," 1933 "," "," 546; 540; 447; 440 ","  "," 1 "," baci.1093-IMAGE.1.jpg " 
"o:baci.1094"," "," Advertisement for the feature film ‘Der unsterbliche Lump’ ","Leaflet","Not specified","Jugoslovenska kinoteka, Belgrade"," "," 1930 "," "," 546; 540; 447; 440 ","  "," 1 "," baci.1094-IMAGE.1.jpg " 
"o:baci.1095"," "," Advertisement for the feature film ‘Die kleine Veronika’ ","Leaflet","Not specified","Jugoslovenska kinoteka, Belgrade"," "," 1929 "," "," 546; 540; 447; 440 ","  "," 1 "," baci.1095-IMAGE.1.jpg " 
"o:baci.1096"," "," Advertisement for the feature film ‘The Wagon Master’ ","Leaflet","Not specified","Jugoslovenska kinoteka, Belgrade"," "," 1929 "," "," 546; 540; 447; 440 ","  "," 1 "," baci.1096-IMAGE.1.jpg " 
"o:baci.1097"," "," Advertisement for the feature film ‘Das Schloss im Süden’ ","Leaflet","Not specified","Jugoslovenska kinoteka, Belgrade"," "," 1933 "," "," 546; 540; 447; 440; 545 ","  "," 1 "," baci.1097-IMAGE.1.jpg " 
"o:baci.1098"," "," Advertisement for the feature film ‘Call of the Flesh’ ","Leaflet","Not specified","Jugoslovenska kinoteka, Belgrade"," "," 1930 "," "," 546; 540; 447; 440 ","  "," 1 "," baci.1098-IMAGE.1.jpg " 
"o:baci.1099"," "," Advertisement for the feature film ‘Ein Sommernachtstraum’ ","Leaflet","Not specified","Jugoslovenska kinoteka, Belgrade"," "," 1935 "," "," 546; 540; 447; 440 ","  "," 1 "," baci.1099-IMAGE.1.jpg " 
"o:baci.1100"," "," Advertisement for the feature film ‘Mein Herz sehnt sich nach Liebe’ ","Leaflet","Not specified","Jugoslovenska kinoteka, Belgrade"," "," 1931 "," "," 546; 540; 447; 440 ","  "," 1 "," baci.1100-IMAGE.1.jpg " 
"o:baci.1101"," "," Advertisement for the feature film ‘Kismet’ ","Leaflet","Not specified","Jugoslovenska kinoteka, Belgrade"," "," 1931 "," "," 546; 540; 447; 440 ","  "," 1 "," baci.1101-IMAGE.1.jpg " 
"o:baci.1102"," "," Newspaper reports about cinema in Belgrade 1896–1897 ","Newspaper reports","Not specified","Jugoslovenska kinoteka, Belgrade"," 1896 "," "," "," 546; 540; 204; 200 ","  "," 1 "," baci.1102-IMAGE.1.jpg " 
"o:baci.1103"," "," Belgrade cinema 1941–1944 ","Photograph","Not specified","Jugoslovenska kinoteka, Belgrade"," "," 1941 "," 1944 "," 546; 540 ","  "," 1 "," baci.1103-IMAGE.1.jpg " 
"o:baci.1104"," "," Hotel ‘Pariz’ in Belgrade ","Photograph","Not specified","Jugoslovenska kinoteka, Belgrade"," 1910 "," "," "," 546; 540 ","  "," 1 "," baci.1104-IMAGE.1.jpg " 
"o:baci.1105"," "," Still photograph from the feature film ‘Grešnica bez greha’ ","Photograph","Not specified","Jugoslovenska kinoteka, Belgrade"," 1927 "," "," "," 546; 540 ","  "," 1 "," baci.1105-IMAGE.1.jpg " 
"o:baci.1106"," "," Still photograph from the feature ‘Grešnica bez greha’ ","Photograph","Not specified","Jugoslovenska kinoteka, Belgrade"," 1927 "," "," "," 546; 540 ","  "," 1 "," baci.1106-IMAGE.1.jpg " 
"o:baci.1107"," "," Film review of ‘Jadna majka’ in ‘Mali žurnal’ ","Photograph","Not specified","Jugoslovenska kinoteka, Belgrade"," 1912 "," "," "," 546; 540 ","  "," 1 "," baci.1107-IMAGE.1.jpg " 
"o:baci.1108"," "," Announcement of screenings of the feature film ‘Karadjordje’ in Belgrade ","Newspaper announcement","Not specified","Jugoslovenska kinoteka, Belgrade"," 1911 "," "," "," 546; 540 ","  "," 1 "," baci.1108-IMAGE.1.jpg " 
"o:baci.1109"," "," Announcement of the premiere of the feature film ‘Kralj čarlstona’ in Belgrade ","Leaflet","Not specified","Jugoslovenska kinoteka, Belgrade"," 1927 "," "," "," 546; 540 ","  "," 1 "," baci.1109-IMAGE.1.jpg " 
"o:baci.1110"," "," The ‘Lifka’ cinema in Subotica ","Photograph","Not specified","Jugoslovenska kinoteka, Belgrade"," "," 1922 "," 1941 "," 546; 540 ","  "," 1 "," baci.1110-IMAGE.1.jpg " 
"o:baci.1111"," "," The ‘Nacional’ cinema announces a film starring Eddie Polo ","Leaflet","Not specified","Jugoslovenska kinoteka, Belgrade"," 1925 "," "," "," 546; 540 ","  "," 1 "," baci.1111-IMAGE.1.jpg " 
"o:baci.1112"," "," Cinema advertising in Belgrade in 1911 ","Newspaper announcement","Not specified","Jugoslovenska kinoteka, Belgrade"," 1911 "," "," "," 546; 540 ","  "," 1 "," baci.1112-IMAGE.1.jpg " 
"o:baci.1113"," "," Travelling cinema in a Serbian village ","Photograph","Not specified","Jugoslovenska kinoteka, Belgrade"," "," 1918 "," 1941 "," 546; 540 ","  "," 1 "," baci.1113-IMAGE.1.jpg " 
"o:baci.1114"," "," Travelling cinema in a Serbian village ","Photograph","Not specified","Jugoslovenska kinoteka, Belgrade"," "," 1918 "," 1941 "," 546; 540 ","  "," 1 "," baci.1114-IMAGE.1.jpg " 
"o:baci.1115"," "," Various cinema advertisements (1913–1932) ","Leaflet","Not specified","Jugoslovenska kinoteka, Belgrade"," 1913, 1932 "," "," "," 546; 540 ","  "," 1 "," baci.1115-IMAGE.1.jpg " 
"o:baci.1116"," "," Break in the shooting of the film ‘Sa verom u Boga’ ","Photograph","Not specified","Jugoslovenska kinoteka, Belgrade"," 1932 "," "," "," 546; 540 ","  "," 1 "," baci.1116-IMAGE.1.jpg " 
"o:baci.1117"," "," Interior of the ‘Moderni bioskop’ cinema in Belgrade ","Photograph","Not specified","Jugoslovenska kinoteka, Belgrade"," 1911 "," "," "," 546; 540 ","  "," 1 "," baci.1117-IMAGE.1.jpg " 
"o:baci.1118"," "," Audience in front of Belgrade’s ‘Takovo’ cinema in 1943 ","Photograph","Not specified","Jugoslovenska kinoteka, Belgrade"," 1943 "," "," "," 546; 540 ","  "," 1 "," baci.1118-IMAGE.1.jpg " 
"o:baci.1119"," "," Advertising for the feature ‘Živi leš’ in Vrnjačka banja in 1928 ","Photograph","Not specified","Jugoslovenska kinoteka, Belgrade"," 1928 "," "," "," 546; 540 ","  "," 1 "," baci.1119-IMAGE.1.jpg " 
"o:baci.1120"," "," Poster announcing the feature film ‘Bitka na Neretvi’ ","Poster","Not specified","Jugoslovenska kinoteka, Belgrade"," 1969 "," "," "," 546; 540 ","  "," 1 "," baci.1120-IMAGE.1.jpg " 
"o:baci.1121"," "," Poster announcing the feature film ‘Dvoje’ ","Poster","Not specified","Jugoslovenska kinoteka, Belgrade"," 1961 "," "," "," 546; 540 ","  "," 1 "," baci.1121-IMAGE.1.jpg " 
"o:baci.1122"," "," Poster announcing the feature film ‘Frosina’ ","Poster","Not specified","Jugoslovenska kinoteka, Belgrade"," 1952 "," "," "," 546; 540 ","  "," 1 "," baci.1122-IMAGE.1.jpg " 
"o:baci.1123"," "," Poster announcing the feature film ‘Un dia de vida’ ","Poster","Not specified","Jugoslovenska kinoteka, Belgrade"," 1950 "," "," "," 546; 540 ","  "," 1 "," baci.1123-IMAGE.1.jpg " 
"o:baci.1124"," "," Poster advertising the feature film ‘Kur pranvera vonohet’ ","Poster","Not specified","Jugoslovenska kinoteka, Belgrade"," 1979 "," "," "," 546; 540 ","  "," 1 "," baci.1124-IMAGE.1.jpg " 
"o:baci.1125"," "," Poster advertising the feature film ‘Karadjordje’ ","Poster","Not specified","Jugoslovenska kinoteka, Belgrade"," 2011 "," "," "," 546; 540 ","  "," 1 "," baci.1125-IMAGE.1.jpg " 
"o:baci.1126"," "," Poster advertising the feature film ‘Maestro i Margarita’ ","Poster","Not specified","Jugoslovenska kinoteka, Belgrade"," "," 1972 "," "," 546; 540 ","  "," 1 "," baci.1126-IMAGE.1.jpg " 
"o:baci.1127"," "," Poster advertising the feature film ‘Major Pauk’ ","Poster","Not specified","Jugoslovenska kinoteka, Belgrade"," 1951 "," "," "," 546; 540 ","  "," 1 "," baci.1127-IMAGE.1.jpg " 
"o:baci.1128"," "," Poster advertising the feature film ‘Kralj čarlstona’ ","Poster","Not specified","Jugoslovenska kinoteka, Belgrade"," "," 1927 "," "," 546; 540 ","  "," 1 "," baci.1128-IMAGE.1.jpg " 
"o:baci.1129"," "," Poster announcing the feature ‘Pal Joey’ ","Poster","Not specified","Jugoslovenska kinoteka, Belgrade"," "," 1959 "," "," 546; 540 ","  "," 1 "," baci.1129-IMAGE.1.jpg " 
"o:baci.1130"," "," Poster advertising the feature film ‘Psycho’ ","Poster","Not specified","Jugoslovenska kinoteka, Belgrade"," "," 1960 "," "," 546; 540 ","  "," 1 "," baci.1130-IMAGE.1.jpg " 
"o:baci.1131"," "," Poster advertising the feature film ‘Solomon and Sheba’ ","Poster","Not specified","Jugoslovenska kinoteka, Belgrade"," "," 1959 "," "," 546; 540 ","  "," 1 "," baci.1131-IMAGE.1.jpg " 
"o:baci.1132"," "," Poster advertising the feature film ‘Slavica’ ","Poster","Not specified","Jugoslovenska kinoteka, Belgrade"," 1947 "," "," "," 546; 540 ","  "," 1 "," baci.1132-IMAGE.1.jpg " 
"o:baci.1133"," "," Poster advertising the feature film ‘City Lights’ ","Poster","Not specified","Jugoslovenska kinoteka, Belgrade"," "," 1931 "," "," 546; 540 ","  "," 1 "," baci.1133-IMAGE.1.jpg " 
"o:baci.1134"," "," Poster advertising the feature film ‘High Noon’ ","Poster","Not specified","Jugoslovenska kinoteka, Belgrade"," "," 1952 "," "," 546; 540 ","  "," 1 "," baci.1134-IMAGE.1.jpg " 
"o:baci.1135"," "," Poster advertising the feature film ‘U planinama Jugoslavije’ ","Poster","Not specified","Jugoslovenska kinoteka, Belgrade"," "," 1946 "," "," 546; 540 ","  "," 1 "," baci.1135-IMAGE.1.jpg " 
"o:baci.1136"," "," Poster advertising the feature film ‘Uka i Bjeshkëve të nemura’ ","Poster","Not specified","Jugoslovenska kinoteka, Belgrade"," "," 1968 "," "," 546; 540 ","  "," 1 "," baci.1136-IMAGE.1.jpg " 
"o:baci.1137"," "," Poster advertising the feature film ‘W.R. – Misterije organizma’ ","Poster","Not specified","Jugoslovenska kinoteka, Belgrade"," 1972 "," "," "," 546; 540 ","  "," 1 "," baci.1137-IMAGE.1.jpg " 
"o:baci.1138"," "," Poster announcing the feature film ‘Die goldene Göttin vom Rio Beno’ ","Poster","Not specified",""," "," 1964 "," "," 546; 540 ","  "," 1 "," baci.1138-IMAGE.1.jpg " 
"o:baci.1139"," "," Still photograph from the Albanian feature film ‘Tana’ ","Still photograph","Not specified","Arkivi Qendror Shteteror i Filmit, Tirana"," 1958 "," "," "," 546; 540 ","  "," 1 "," baci.1139-IMAGE.1.jpg " 
"o:baci.1140"," "," Still photograph from the Albanian feature film ‘Skenderbeu’ ","Still photograph","Not specified","Arkivi Qendror Shteteror i Filmit, Tirana"," 1954 "," "," "," 546; 540 ","  "," 1 "," baci.1140-IMAGE.1.jpg " 
"o:baci.1141"," "," Still photograph from the Albanian feature film ‘Tana’ ","Still photograph","Not specified","Arkivi Qendror Shteteror i Filmit, Tirana"," 1958 "," "," "," 546; 540 ","  "," 1 "," baci.1141-IMAGE.1.jpg " 
"o:baci.1142"," "," Shooting of the Albanian feature film ‘Skenderbeu’ ","Photograph","Not specified","Arkivi Qendror Shteteror i Filmit, Tirana"," 1954 "," "," "," 546; 540 ","  "," 1 "," baci.1142-IMAGE.1.jpg " 
"o:baci.1143"," "," Shooting of the Albanian feature film ‘Skenderbeu’ ","Photograph","Not specified","Arkivi Qendror Shteteror i Filmit, Tirana"," 1954 "," "," "," 546; 540 ","  "," 1 "," baci.1143-IMAGE.1.jpg " 
"o:baci.1144"," "," Still from the Albanian feature film ‘Skenderbeu’ ","Still photograph","Not specified","Arkivi Qendror Shteteror i Filmit, Tirana"," 1954 "," "," "," 546; 540 ","  "," 1 "," baci.1144-IMAGE.1.jpg " 
"o:baci.1145"," "," Still from the Albanian feature film ‘Tana’ ","Still photograph","Not specified","Arkivi Qendror Shteteror i Filmit, Tirana"," 1958 "," "," "," 546; 540 ","  "," 1 "," baci.1145-IMAGE.1.jpg " 
"o:baci.1146"," "," The ‘Shqipëria e Re’ film studio in Tirana ","Photograph","Not specified","Arkivi Qendror Shteteror i Filmit, Tirana"," 1950 "," "," "," 546; 540 ","  "," 1 "," baci.1146-IMAGE.1.jpg " 
"o:baci.1147"," "," The ‘Shqipëria e Re’ film studio in Tirana ","Photograph","Not specified","Arkivi Qendror Shteteror i Filmit, Tirana"," 1952 "," "," "," 546; 540 ","  "," 1 "," baci.1147-IMAGE.1.jpg " 
"o:baci.1148"," "," Open-air cinema in Gjirokastra ","Photograph","Not specified","Arkivi Qëndror i Shtetit, Tirana "," "," 1939 "," 1943 "," 546; 540 ","  "," 1 "," baci.1148-IMAGE.1.jpg " 
"o:baci.1149"," "," The ‘Dopolavoro’ cinema in Tirana ","Photograph","Not specified","Arkivi Qëndror i Shtetit, Tirana "," "," 1939 "," 1943 "," 546; 540 ","  "," 1 "," baci.1149-IMAGE.1.jpg " 
"o:baci.1150"," "," The ‘Esperia’ cinema in Durrës ","Photograph","Not specified","Arkivi Qëndror i Shtetit, Tirana "," "," 1939 "," 1943 "," 546; 540 ","  "," 1 "," baci.1150-IMAGE.1.jpg " 
"o:baci.1151"," "," The ‘Esperia’ cinema in Durrës ","Photograph","Not specified","Arkivi Qëndror i Shtetit, Tirana "," "," 1939 "," 1943 "," 546; 540 ","  "," 1 "," baci.1151-IMAGE.1.jpg " 
"o:baci.1152"," "," The ‘Gloria’ cinema in Durrës ","Photograph","Not specified","Arkivi Qëndror i Shtetit, Tirana "," "," 1939 "," 1943 "," 546; 540 ","  "," 1 "," baci.1152-IMAGE.1.jpg " 
"o:baci.1153"," "," The ‘Gloria’ cinema in Durrës ","Photograph","Not specified","Arkivi Qëndror i Shtetit, Tirana "," "," 1939 "," 1943 "," 546; 540 ","  "," 1 "," baci.1153-IMAGE.1.jpg " 
"o:baci.1154"," "," The ‘Gloria’ cinema in Durrës ","Photograph","Not specified","Arkivi Qëndror i Shtetit, Tirana "," "," 1939 "," 1943 "," 546; 540 ","  "," 1 "," baci.1154-IMAGE.1.jpg " 
"o:baci.1155"," "," The ‘Imperiale’ cinema in Tirana ","Photograph","Not specified","Arkivi Qëndror i Shtetit, Tirana "," "," 1939 "," 1943 "," 546; 540 ","  "," 1 "," baci.1155-IMAGE.1.jpg " 
"o:baci.1156"," "," The ‘Imperiale’ cinema in Tirana ","Photograph","Not specified","Arkivi Qëndror i Shtetit, Tirana "," "," 1939 "," 1943 "," 546; 540 ","  "," 1 "," baci.1156-IMAGE.1.jpg " 
"o:baci.1157"," "," The ‘Imperiale’ cinema in Tirana ","Photograph","Not specified","Arkivi Qëndror i Shtetit, Tirana "," "," 1939 "," 1943 "," 546; 540 ","  "," 1 "," baci.1157-IMAGE.1.jpg " 
"o:baci.1158"," "," The ‘Majestik’ cinema in Korça ","Photograph","Not specified","Arkivi Qëndror i Shtetit, Tirana "," "," 1939 "," 1943 "," 546; 540 ","  "," 1 "," baci.1158-IMAGE.1.jpg " 
"o:baci.1159"," "," The ‘Lluks’ cinema in Korça ","Photograph","Not specified","Arkivi Qëndror i Shtetit, Tirana "," "," 1939 "," 1943 "," 546; 540 ","  "," 1 "," baci.1159-IMAGE.1.jpg " 
"o:baci.1160"," "," The ‘Nacional’ cinema in Tirana ","Photograph","Not specified","Arkivi Qëndror i Shtetit, Tirana "," "," 1939 "," 1943 "," 546; 540 ","  "," 1 "," baci.1160-IMAGE.1.jpg " 
"o:baci.1161"," "," The ‘Nacional’ cinema in Tirana ","Photograph","Not specified","Arkivi Qëndror i Shtetit, Tirana "," "," 1939 "," 1943 "," 546; 540 ","  "," 1 "," baci.1161-IMAGE.1.jpg " 
"o:baci.1162"," "," The ‘Rex’ cinema in Tirana ","Photograph","Not specified","Arkivi Qëndror i Shtetit, Tirana "," "," 1939 "," 1943 "," 546; 540 ","  "," 1 "," baci.1162-IMAGE.1.jpg " 
"o:baci.1163"," "," The ‘Rex’ cinema in Tirana ","Photograph","Not specified","Arkivi Qëndror i Shtetit, Tirana "," "," 1939 "," 1943 "," 546; 540 ","  "," 1 "," baci.1163-IMAGE.1.jpg " 
"o:baci.1164"," "," The ‘Rex’ open-air cinema in Tirana ","Photograph","Not specified","Arkivi Qëndror i Shtetit, Tirana "," "," 1939 "," 1943 "," 546; 540 ","  "," 1 "," baci.1164-IMAGE.1.jpg " 
"o:baci.1165"," "," The ‘Rex’ open-air cinema in Tirana ","Photograph","Not specified","Arkivi Qëndror i Shtetit, Tirana "," "," 1939 "," 1943 "," 546; 540 ","  "," 1 "," baci.1165-IMAGE.1.jpg " 
"o:baci.1166"," "," The ‘Rex’ cinema in Tirana ","Photograph","Not specified","Arkivi Qëndror i Shtetit, Tirana "," "," 1939 "," 1943 "," 546; 540 ","  "," 1 "," baci.1166-IMAGE.1.jpg " 
"o:baci.1167"," "," The ‘Rex’ cinema in Tirana ","Photograph","Not specified","Arkivi Qëndror i Shtetit, Tirana "," "," 1939 "," 1943 "," 546; 540 ","  "," 1 "," baci.1167-IMAGE.1.jpg " 
"o:baci.1168"," "," The ‘Rozafat’ cinema in Tirana ","Photograph","Not specified","Arkivi Qëndror i Shtetit, Tirana "," "," 1939 "," 1943 "," 546; 540 ","  "," 1 "," baci.1168-IMAGE.1.jpg " 
"o:baci.1169"," "," The ‘Rozafat’ cinema in Tirana ","Photograph","Not specified","Arkivi Qëndror i Shtetit, Tirana "," "," 1939 "," 1943 "," 546; 540 ","  "," 1 "," baci.1169-IMAGE.1.jpg " 
"o:baci.1170"," "," The ‘Rozafat’ cinema in Tirana ","Photograph","Not specified","Arkivi Qëndror i Shtetit, Tirana "," "," 1939 "," 1943 "," 546; 540 ","  "," 1 "," baci.1170-IMAGE.1.jpg " 
"o:baci.1171"," "," The ‘Rozafat’ cinema in Tirana ","Photograph","Not specified","Arkivi Qëndror i Shtetit, Tirana "," "," 1939 "," 1943 "," 546; 540 ","  "," 1 "," baci.1171-IMAGE.1.jpg " 
"o:baci.1172"," "," The ‘Savoja’ cinema in Tirana ","Photograph","Not specified","Arkivi Qëndror i Shtetit, Tirana "," "," 1940 "," 1943 "," 546; 540 ","  "," 1 "," baci.1172-IMAGE.1.jpg " 
"o:baci.1173"," "," The ‘Savoja’ cinema in Tirana ","Photograph","Not specified","Arkivi Qëndror i Shtetit, Tirana "," "," 1939 "," 1943 "," 546; 540 ","  "," 1 "," baci.1173-IMAGE.1.jpg " 
"o:baci.1174"," "," The ‘Savoja’ cinema in Tirana ","Photograph","Not specified","Arkivi Qëndror i Shtetit, Tirana "," "," 1939 "," 1943 "," 546; 540 ","  "," 1 "," baci.1174-IMAGE.1.jpg " 
"o:baci.1175"," "," The ‘Savoja’ cinema in Tirana ","Photograph","Not specified","Arkivi Qëndror i Shtetit, Tirana "," "," 1939 "," 1943 "," 546; 540 ","  "," 1 "," baci.1175-IMAGE.1.jpg " 
"o:baci.1176"," "," The ‘Savoja’ cinema in Tirana ","Photograph","Not specified","Arkivi Qëndror i Shtetit, Tirana "," "," 1939 "," 1943 "," 546; 540 ","  "," 1 "," baci.1176-IMAGE.1.jpg " 
"o:baci.1177"," "," The ‘Savoja’ cinema in Tirana ","Photograph","Not specified","Arkivi Qëndror i Shtetit, Tirana "," "," 1939 "," 1943 "," 546; 540 ","  "," 1 "," baci.1177-IMAGE.1.jpg " 
"o:baci.1178"," "," The ‘Savoja’ cinema in Tirana ","Photograph","Not specified","Arkivi Qëndror i Shtetit, Tirana "," "," 1940 "," 1943 "," 546; 540 ","  "," 1 "," baci.1178-IMAGE.1.jpg " 
"o:baci.1179"," "," The ‘Savoja’ cinema in Tirana ","Photograph","Not specified","Arkivi Qëndror i Shtetit, Tirana "," "," 1939 "," 1943 "," 546; 540 ","  "," 1 "," baci.1179-IMAGE.1.jpg " 
"o:baci.1180"," "," The ‘Skenderbej’ outdoor cinema in Tirana ","Photograph","Not specified","Arkivi Qëndror i Shtetit, Tirana "," "," 1940 "," 1943 "," 546; 540 ","  "," 1 "," baci.1180-IMAGE.1.jpg " 
"o:baci.1181"," "," The ‘Skenderbej’ outdoor cinema in Tirana ","Photograph","Not specified","Arkivi Qëndror i Shtetit, Tirana "," "," 1939 "," 1943 "," 546; 540 ","  "," 1 "," baci.1181-IMAGE.1.jpg " 
"o:baci.1182"," "," The ‘Skenderbej’ outdoor cinema in Tirana ","Photograph","Not specified","Arkivi Qëndror i Shtetit, Tirana "," "," 1939 "," 1943 "," 546; 540 ","  "," 1 "," baci.1182-IMAGE.1.jpg " 
"o:baci.1183"," "," The ‘Tomorri’ cinema in Tirana ","Photograph","Not specified","Arkivi Qëndror i Shtetit, Tirana "," "," 1939 "," 1943 "," 546; 540 ","  "," 1 "," baci.1183-IMAGE.1.jpg " 
"o:baci.1184"," "," The ‘Tomorri’ cinema in Tirana ","Photograph","Not specified","Arkivi Qëndror i Shtetit, Tirana "," "," 1939 "," 1943 "," 546; 540 ","  "," 1 "," baci.1184-IMAGE.1.jpg " 
"o:baci.1185"," "," The ‘Tomorri’ cinema in Tirana ","Photograph","Not specified","Arkivi Qëndror i Shtetit, Tirana "," "," 1939 "," 1943 "," 546; 540 ","  "," 1 "," baci.1185-IMAGE.1.jpg " 
"o:baci.1186"," "," The ‘Tomorri’ cinema in Tirana ","Photograph","Not specified","Arkivi Qëndror i Shtetit, Tirana "," "," 1939 "," 1943 "," 546; 540 ","  "," 1 "," baci.1186-IMAGE.1.jpg " 
"o:baci.1187"," "," The ‘Tomorri’ cinema in Tirana ","Photograph","Not specified","Arkivi Qëndror i Shtetit, Tirana "," "," 1939 "," 1943 "," 546; 540 ","  "," 1 "," baci.1187-IMAGE.1.jpg " 
"o:baci.1188"," "," The ‘Tomorri’ cinema in Tirana ","Photograph","Not specified","Arkivi Qëndror i Shtetit, Tirana "," "," 1939 "," 1943 "," 546; 540 ","  "," 1 "," baci.1188-IMAGE.1.jpg " 
"o:baci.1189"," "," The ‘Boyana’ film studios in Sofia ","Painting","Not specified","Bălgarskata nacionalna filmoteka"," "," "," 1962 "," 546; 540 ","  "," 1 "," baci.1189-IMAGE.1.jpg " 
"o:baci.1190"," "," The ‘Boyana’ film studios in Sofia ","Photograph","Not specified","Bălgarskata nacionalna filmoteka"," "," 1962 "," "," 546; 540 ","  "," 1 "," baci.1190-IMAGE.1.jpg " 
"o:baci.1191"," "," The ‘Boyana’ film studios in Sofia ","Photograph","Not specified","Bălgarskata nacionalna filmoteka"," "," 1962 "," "," 546; 540 ","  "," 1 "," baci.1191-IMAGE.1.jpg " 
"o:baci.1192"," "," The ‘Boyana’ film studios in Sofia ","Photograph","Not specified","Bălgarskata nacionalna filmoteka"," "," 1962 "," "," 546; 540 ","  "," 1 "," baci.1192-IMAGE.1.jpg " 
"o:baci.1193"," "," The ‘Boyana’ film studios in Sofia ","Photograph","Not specified","Bălgarskata nacionalna filmoteka"," "," "," 1962 "," 546; 540 ","  "," 1 "," baci.1193-IMAGE.1.jpg " 
"o:baci.1194"," "," Still photograph from the Bulgarian feature film ‘Avantaž’ ","Still photograph","Not specified","Bălgarskata nacionalna filmoteka"," 1977 "," "," "," 546; 540 ","  "," 1 "," baci.1194-IMAGE.1.jpg " 
"o:baci.1195"," "," Still photograph from the Bulgarian short feature film ","Still photograph","Not specified","Bălgarskata nacionalna filmoteka"," 1915 "," "," "," 546; 540 ","  "," 1 "," baci.1195-IMAGE.1.jpg " 
"o:baci.1196"," "," Still photograph from the Bulgarian feature film ‘Basejnăt’ ","Still photograph","Not specified","Bălgarskata nacionalna filmoteka"," 1977 "," "," "," 546; 540 ","  "," 1 "," baci.1196-IMAGE.1.jpg " 
"o:baci.1197"," "," Poster advertising the Bulgarian feature film ‘Basejnăt’ ","Poster","Not specified","Bălgarskata nacionalna filmoteka"," 1977 "," "," "," 546; 540 ","  "," 1 "," baci.1197-IMAGE.1.jpg " 
"o:baci.1198"," "," Bulgarian film director Binka Željazkova (1923–2011) ","Photograph","Not specified","Bălgarskata nacionalna filmoteka"," "," 1960 "," "," 546; 540 ","  "," 1 "," baci.1198-IMAGE.1.jpg " 
"o:baci.1199"," "," Bulgarian film director Boris Borozanov (1897–1951) ","Photograph","Not specified","Bălgarskata nacionalna filmoteka"," "," "," 1951 "," 546; 540 ","  "," 1 "," baci.1199-IMAGE.1.jpg " 
"o:baci.1200"," "," Still photograph from the Bulgarian feature film ‘Buntăt na robite’ ","Still photograph","Not specified","Bălgarskata nacionalna filmoteka"," 1933 "," "," "," 546; 540 ","  "," 1 "," baci.1200-IMAGE.1.jpg " 
"o:baci.1201"," "," Bulgarian film director Eduard Zahariev (1938–1996) ","Photograph","Not specified","Bălgarskata nacionalna filmoteka"," "," "," 1996 "," 546; 540 ","  "," 1 "," baci.1201-IMAGE.1.jpg " 
"o:baci.1202"," "," Bulgarian film director Vasil Gendov (1891–1970) ","Photograph","Not specified","Bălgarskata nacionalna filmoteka"," "," "," 1940 "," 546; 540 ","  "," 1 "," baci.1202-IMAGE.1.jpg " 
"o:baci.1203"," "," Bulgarian film director Georgi Djulgerov (1943– ) ","Photograph","Not specified","Bălgarskata nacionalna filmoteka"," "," 1975 "," "," 546; 540 ","  "," 1 "," baci.1203-IMAGE.1.jpg " 
"o:baci.1204"," "," Bulgarian film director Hristo Piskov (1927–2009) ","Photograph","Not specified","Bălgarskata nacionalna filmoteka"," "," 1970 "," "," 546; 540 ","  "," 1 "," baci.1204-IMAGE.1.jpg " 
"o:baci.1205"," "," Still photograph from the Bulgarian feature film ‘Kalin orelăt’ ","Still photograph","Not specified","Bălgarskata nacionalna filmoteka"," 1950 "," "," "," 546; 540 ","  "," 1 "," baci.1205-IMAGE.1.jpg " 
"o:baci.1206"," "," Poster advertising the Bulgarian feature film ‘Kalin orelăt’ ","Poster","Not specified","Bălgarskata nacionalna filmoteka"," 1950 "," "," "," 546; 540 ","  "," 1 "," baci.1206-IMAGE.1.jpg " 
"o:baci.1207"," "," Still photograph from the Bulgarian feature film ‘Măžki vremena’ ","Still photograph","Not specified","Bălgarskata nacionalna filmoteka"," 1977 "," "," "," 546; 540 ","  "," 1 "," baci.1207-IMAGE.1.jpg " 
"o:baci.1208"," "," Still photograph from the Bulgarian feature film ‘Ponedelnik sutrin’ ","Still photograph","Not specified","Bălgarskata nacionalna filmoteka"," 1966 "," "," "," 546; 540 ","  "," 1 "," baci.1208-IMAGE.1.jpg " 
"o:baci.1209"," "," Poster advertising the Bulgarian feature film ‘Privărzanyat balon’ ","Poster","Not specified","Bălgarskata nacionalna filmoteka"," 1967 "," "," "," 546; 540 ","  "," 1 "," baci.1209-IMAGE.1.jpg " 
"o:baci.1210"," "," Still from the Bulgarian feature film ‘Privărzanyat balon’ ","Still photograph","Not specified","Bălgarskata nacionalna filmoteka"," 1967 "," "," "," 546; 540 ","  "," 1 "," baci.1210-IMAGE.1.jpg " 
"o:baci.1211"," "," Sergej Vasil’ev (1900–1959) ","Photograph","Not specified","Bălgarskata nacionalna filmoteka"," "," "," 1959 "," 546; 540 ","  "," 1 "," baci.1211-IMAGE.1.jpg " 
"o:baci.1212"," "," Still photograph from the Bulgarian feature film ‘Sled požara nad Rusija’ ","Still photograph","Not specified","Bălgarskata nacionalna filmoteka"," 1929 "," "," "," 546; 540 ","  "," 1 "," baci.1212-IMAGE.1.jpg " 
"o:baci.1213"," "," Advertisement for the Bulgarian feature film ‘Sled požara nad Rusija’ ","Leaflet","Not specified","Bălgarskata nacionalna filmoteka"," "," 1929 "," "," 546; 540 ","  "," 1 "," baci.1213-IMAGE.1.jpg " 
"o:baci.1214"," "," The ‘Georgi Dimitrov’ cinema in Sofia ","Photograph","Not specified","Bălgarskata nacionalna filmoteka"," "," "," 1949 "," 546; 540 ","  "," 1 "," baci.1214-IMAGE.1.jpg " 
"o:baci.1215"," "," Bulgarian film directors Vasil Gendov (1891–1970) and Boris Grežov (1889–1968) ","Photograph","Not specified","Bălgarskata nacionalna filmoteka"," "," "," "," 546; 540 ","  "," 1 "," baci.1215-IMAGE.1.jpg " 
"o:baci.1216"," "," Bulgarian film director Zahari Žandov (1911–1998) ","Photograph","Not specified","Bălgarskata nacionalna filmoteka"," "," "," 1998 "," 546; 540 ","  "," 1 "," baci.1216-IMAGE.1.jpg " 
"o:baci.1217"," "," Advertisement for the Turkish feature film ‘At avrat silah’ ","Poster","Not specified","TÜRVAK – Türker İnanoğlu Foundation"," "," 1966 "," "," 546; 540 ","  "," 1 "," baci.1217-IMAGE.1.jpg " 
"o:baci.1218"," "," Still photograph from the Turkish feature film ‘Ateşten Gömlek’ ","Still photograph","Not specified","TÜRVAK – Türker İnanoğlu Foundation"," "," 1923 "," "," 546; 540 ","  "," 1 "," baci.1218-IMAGE.1.jpg " 
"o:baci.1219"," "," Advertisement for the Turkish feature film ‘Ateşten Gömlek’ ","Leaflet","Not specified","TÜRVAK – Türker İnanoğlu Foundation"," "," 1923 "," "," 546; 540 ","  "," 1 "," baci.1219-IMAGE.1.jpg " 
"o:baci.1220"," "," Turkish actress Bedia Muvahhit (1897–1994) ","Photograph","Not specified","TÜRVAK – Türker İnanoğlu Foundation"," "," "," "," 546; 540 ","  "," 1 "," baci.1220-IMAGE.1.jpg " 
"o:baci.1221"," "," Turkish actor Cüneyt Arkın (1937– ) ","Photograph","Not specified","TÜRVAK – Türker İnanoğlu Foundation"," "," "," "," 546; 540 ","  "," 1 "," baci.1221-IMAGE.1.jpg " 
"o:baci.1222"," "," Still photograph from the Turkish feature film ‘Dertli pinar’ ","Still photograph","Not specified","TÜRVAK – Türker İnanoğlu Foundation"," 1943 "," "," "," 546; 540 ","  "," 1 "," baci.1222-IMAGE.1.jpg " 
"o:baci.1223"," "," Poster advertising the Turkish feature film ‘Dertli pinar’ ","Poster","Not specified","TÜRVAK – Türker İnanoğlu Foundation"," "," 1943 "," "," 546; 540 ","  "," 1 "," baci.1223-IMAGE.1.jpg " 
"o:baci.1224"," "," Ferdi Tayfur (1904–1958) ","Photograph","Not specified","TÜRVAK – Türker İnanoğlu Foundation"," "," "," "," 546; 540 ","  "," 1 "," baci.1224-IMAGE.1.jpg " 
"o:baci.1225"," "," Fuat Uzkınay (1888–1956) ","Photograph","Not specified","TÜRVAK – Türker İnanoğlu Foundation"," "," 1914 "," "," 546; 540 ","  "," 1 "," baci.1225-IMAGE.1.jpg " 
"o:baci.1226"," "," İpekҫi Frères ","Letter","Not specified","TÜRVAK – Türker İnanoğlu Foundation"," 1930 "," "," "," 546; 540 ","  "," 1 "," baci.1226-IMAGE.1.jpg " 
"o:baci.1227"," "," İpek Film ","Magazine","Not specified","TÜRVAK – Türker İnanoğlu Foundation"," 1936 "," "," "," 546; 540 ","  "," 1 "," baci.1227-IMAGE.1.jpg " 
"o:baci.1228"," "," Still photograph from the Turkish feature film ‘Istanbul'da bir facia-i aşk’ ","Still photograph","Not specified","TÜRVAK – Türker İnanoğlu Foundation"," 1922 "," "," "," 546; 540 ","  "," 1 "," baci.1228-IMAGE.1.jpg " 
"o:baci.1229"," "," Still photograph from the Turkish feature film ‘Istanbul sokaklarinda’ ","Still photograph","Not specified","TÜRVAK – Türker İnanoğlu Foundation"," 1931 "," "," "," 546; 540 ","  "," 1 "," baci.1229-IMAGE.1.jpg " 
"o:baci.1230"," "," Poster advertising the Turkish feature film ‘Istanbul sokaklarinda’ ","Poster","Not specified","TÜRVAK – Türker İnanoğlu Foundation"," "," 1931 "," "," 546; 540 ","  "," 1 "," baci.1230-IMAGE.1.jpg " 
"o:baci.1231"," "," Turkish film director Metin Erksan (1929–2012) ","Photograph","Not specified","TÜRVAK – Türker İnanoğlu Foundation"," "," "," "," 546; 540 ","  "," 1 "," baci.1231-IMAGE.1.jpg " 
"o:baci.1232"," "," Turkish film director Muhsin Ertuğrul (1892–1979) ","Photograph","Not specified","TÜRVAK – Türker İnanoğlu Foundation"," "," "," 1979 "," 546; 540 ","  "," 1 "," baci.1232-IMAGE.1.jpg " 
"o:baci.1233"," "," Set of the Turkish feature film ‘Güneşe Doğru’ ","Photograph","Not specified","TÜRVAK – Türker İnanoğlu Foundation"," 1937 "," "," "," 546; 540 ","  "," 1 "," baci.1233-IMAGE.1.jpg " 
"o:baci.1234"," "," Turkish actress Neyyire Neyir (1902–1943) ","Photograph","Not specified","TÜRVAK – Türker İnanoğlu Foundation"," "," "," 1943 "," 546; 540 ","  "," 1 "," baci.1234-IMAGE.1.jpg " 
"o:baci.1235"," "," Turkish director Sedat Simavi (1896–1953) ","Photograph","Not specified","TÜRVAK – Türker İnanoğlu Foundation"," "," "," 1953 "," 546; 540 ","  "," 1 "," baci.1235-IMAGE.1.jpg " 
"o:baci.1236"," "," Still photograph from the Turkish feature film ‘Susuz yaz’ ","Still photograph","Not specified","TÜRVAK – Türker İnanoğlu Foundation"," "," 1964 "," "," 546; 540 ","  "," 1 "," baci.1236-IMAGE.1.jpg " 
"o:baci.1237"," "," Poster advertising the Turkish feature film ‘Susuz yaz’ ","Poster","Not specified","TÜRVAK – Türker İnanoğlu Foundation"," "," 1964 "," "," 546; 540 ","  "," 1 "," baci.1237-IMAGE.1.jpg " 
"o:baci.1238"," "," Poster advertising the Turkish feature film ‘Umut’ ","Poster","Not specified","TÜRVAK – Türker İnanoğlu Foundation"," "," 1970 "," "," 546; 540 ","  "," 1 "," baci.1238-IMAGE.1.jpg " 
"o:baci.1239"," "," Yılmaz Güney (1937–1984) ","Photograph","Not specified","TÜRVAK – Türker İnanoğlu Foundation"," "," "," "," 546; 540 ","  "," 1 "," baci.1239-IMAGE.1.jpg " 
"o:baci.1240"," "," The film laboratory of Leon Popescu ","Photograph","Not specified","Arhiva Naţională de Filme"," "," "," 1914 "," 546; 540 ","  "," 1 "," baci.1240-IMAGE.1.jpg " 
"o:baci.1241"," "," ‘Sascha-Film’ in Vienna ","Photograph","Not specified","Arhiva Naţională de Filme"," 1928 "," "," "," 546; 540 ","  "," 1 "," baci.1241-IMAGE.1.jpg " 
"o:baci.1242"," "," ‘Vita-Film’ in Vienna ","Photograph","Not specified","Arhiva Naţională de Filme"," 1926 "," "," "," 546; 540 ","  "," 1 "," baci.1242-IMAGE.1.jpg " 
"o:baci.1243"," "," ‘Vita-Film’ in Vienna ","Photograph","Not specified","Arhiva Naţională de Filme"," 1926 "," "," "," 546; 540 ","  "," 1 "," baci.1243-IMAGE.1.jpg " 
"o:baci.1244"," "," Romanian filmmakers (interwar period) ","Photograph","Not specified","Arhiva Naţională de Filme"," "," "," "," 546; 540 ","  "," 1 "," baci.1244-IMAGE.1.jpg " 
"o:baci.1245"," "," Construction of the ‘Buftea’ film studio in Bucharest ","Photograph","Not specified","Arhiva Naţională de Filme"," "," 1952 "," "," 546; 540 ","  "," 1 "," baci.1245-IMAGE.1.jpg " 
"o:baci.1246"," "," Advertisement for the Romanian feature film ‘Lya’ ","Leaflet","Not specified","Arhiva Naţională de Filme"," "," 1927 "," "," 546; 540 ","  "," 1 "," baci.1246-IMAGE.1.jpg " 
"o:baci.1247"," "," Advertisement for the feature film ‘Mata Hari’ ","Leaflet","Not specified","Arhiva Naţională de Filme"," "," 1931 "," "," 546; 540 ","  "," 1 "," baci.1247-IMAGE.1.jpg " 
"o:baci.1248"," "," Advertisement for the feature film ‘Barrabas’ ","Leaflet","Not specified","Arhiva Naţională de Filme"," "," 1919 "," "," 546; 540 ","  "," 1 "," baci.1248-IMAGE.1.jpg " 
"o:baci.1249"," "," Advertisement for the feature film ‘Seventh Heaven’ ","Poster","Not specified","Arhiva Naţională de Filme"," "," 1932 "," "," 546; 540 ","  "," 1 "," baci.1249-IMAGE.1.jpg " 
"o:baci.1250"," "," Advertisement for the Romanian feature film ‘Visul lui Tănase’ ","Poster","Not specified","Arhiva Naţională de Filme"," "," 1932 "," "," 546; 540 ","  "," 1 "," baci.1250-IMAGE.1.jpg " 
"o:baci.1251"," "," Advertisement for the Romanian feature film ‘Visul unei nopţi de iarnă’ ","Poster","Not specified","Arhiva Naţională de Filme"," "," 1946 "," "," 546; 540 ","  "," 1 "," baci.1251-IMAGE.1.jpg " 
"o:baci.1252"," "," The ‘Capitol’ cinema in Timişoara ","Photographs","Not specified","Arhiva Naţională de Filme"," "," 1908 "," "," 546; 540 ","  "," 1 "," baci.1252-IMAGE.1.jpg " 
"o:baci.1253"," "," The ‘Capitol’ cinema in Bucharest ","Photograph","Not specified","Arhiva Naţională de Filme"," "," 2002 "," "," 546; 540 ","  "," 1 "," baci.1253-IMAGE.1.jpg " 
"o:baci.1254"," "," The ‘Dacia’ cinema in Bucharest ","Photograph","Not specified","Arhiva Naţională de Filme"," "," "," "," 546; 540 ","  "," 1 "," baci.1254-IMAGE.1.jpg " 
"o:baci.1255"," "," The ‘Dacia’ cinema in Bucharest ","Photograph","Not specified","Arhiva Naţională de Filme"," "," "," "," 546; 540 ","  "," 1 "," baci.1255-IMAGE.1.jpg " 
"o:baci.1256"," "," The ‘Dacia’ cinema in Bucharest ","Photograph","Not specified","Arhiva Naţională de Filme"," "," "," "," 546; 540 ","  "," 1 "," baci.1256-IMAGE.1.jpg " 
"o:baci.1257"," "," The summer cinema in Arad ","Photo postcard","Not specified","Arhiva Naţională de Filme"," "," "," "," 546; 540 ","  "," 1 "," baci.1257-IMAGE.1.jpg " 
"o:baci.1258"," "," The summer cinema in Arad ","Photo postcard","Not specified","Arhiva Naţională de Filme"," "," "," "," 546; 540 ","  "," 1 "," baci.1258-IMAGE.1.jpg " 
"o:baci.1259"," "," The ‘Edison’ cinema ","Photo postcard","Not specified","Arhiva Naţională de Filme"," "," "," "," 546; 540 ","  "," 1 "," baci.1259-IMAGE.1.jpg " 
"o:baci.1260"," "," The ‘Festival’ cinema ","Photo postcard","Not specified","Arhiva Naţională de Filme"," "," "," "," 546; 540 ","  "," 1 "," baci.1260-IMAGE.1.jpg " 
"o:baci.1261"," "," The ‘Nero’ cinema promoting actor Tom Mix ","Photograph","Not specified","Arhiva Naţională de Filme"," "," 1918 "," "," 546; 540 ","  "," 1 "," baci.1261-IMAGE.1.jpg " 
"o:baci.1262"," "," The ‘Patria’ cinema in Bucharest ","Photograph","Not specified","Arhiva Naţională de Filme"," "," 1931 "," "," 546; 540 ","  "," 1 "," baci.1262-IMAGE.1.jpg " 
"o:baci.1263"," "," The ‘Patria’ cinema in Alexandria ","Photograph","Not specified","Arhiva Naţională de Filme"," "," "," 1989 "," 546; 540 ","  "," 1 "," baci.1263-IMAGE.1.jpg " 
"o:baci.1264"," "," The ‘Patria’ cinema in Bucharest ","Photograph","Not specified","Arhiva Naţională de Filme"," "," 1931 "," "," 546; 540 ","  "," 1 "," baci.1264-IMAGE.1.jpg " 
"o:baci.1265"," "," The ‘Patria’ cinema in Bucharest ","Photograph","Not specified","Arhiva Naţională de Filme"," 1954 "," "," "," 546; 540 ","  "," 1 "," baci.1265-IMAGE.1.jpg " 
"o:baci.1266"," "," The ‘Floreasca’ cinema in Bucharest ","Photograph","Not specified","Arhiva Naţională de Filme"," 1957 "," "," "," 546; 540 ","  "," 1 "," baci.1266-IMAGE.1.jpg " 
"o:baci.1267"," "," Cinema ‘Corso’ in Bucharest ","Photograph","Not specified","Arhiva Naţională de Filme"," "," 1929 "," "," 546; 540 ","  "," 1 "," baci.1267-IMAGE.1.jpg " 
"o:baci.1268"," "," The ‘Bucureşti’ cinema in Bucharest ","Photograph","Not specified","Arhiva Naţională de Filme"," "," "," "," 546; 540 ","  "," 1 "," baci.1268-IMAGE.1.jpg " 
"o:baci.1269"," "," The ‘Vasile Roaită’ cinema in Alexandria ","Photo postcard","Not specified","Arhiva Naţională de Filme"," "," "," 1989 "," 546; 540 ","  "," 1 "," baci.1269-IMAGE.1.jpg " 
"o:baci.1270"," "," The ‘Corso’ cinema in Bucharest advertises the Hindi feature film ‘Awara’ ","Photograph","Not specified","Arhiva Naţională de Filme"," "," 1951 "," "," 546; 540 ","  "," 1 "," baci.1270-IMAGE.1.jpg " 
"o:baci.1271"," "," The Bucharest ‘Scala’ cinema advertises the Romanian feature film ‘Fata Morgana’ ","Photograph","Not specified","Arhiva Naţională de Filme"," "," 1982 "," "," 546; 540 ","  "," 1 "," baci.1271-IMAGE.1.jpg " 
"o:baci.1272"," "," Cinema programme in Bucharest in 1974 ","Newspaper","Not specified","Arhiva Naţională de Filme"," 1974 "," "," "," 546; 540 ","  "," 1 "," baci.1272-IMAGE.1.jpg " 
"o:baci.1273"," "," The ‘Patria’ cinema in Bucharest ","Photograph","Not specified","Arhiva Naţională de Filme"," "," "," 1948 "," 546; 540 ","  "," 1 "," baci.1273-IMAGE.1.jpg " 
"o:baci.1274"," "," Cinema pavilion at the Romanian General Exhibition in Bucharest in 1906 ","Photograph","Not specified","Arhiva Naţională de Filme"," 1906 "," "," "," 546; 540 ","  "," 1 "," baci.1274-IMAGE.1.jpg " 
"o:baci.1275"," "," Plan of the Romanian General Exhibition in Bucharest in 1906 ","Photograph","Not specified","Arhiva Naţională de Filme"," 1906 "," "," "," 546; 540 ","  "," 1 "," baci.1275-IMAGE.1.jpg " 
"o:baci.1276"," "," The ‘23 August’ cinema in Sovata ","Photograph","Not specified","Arhiva Naţională de Filme"," "," 1944 "," "," 546; 540 ","  "," 1 "," baci.1276-IMAGE.1.jpg " 
"o:baci.1277"," "," The ‘ARO’ cinema in Bucharest ","Photograph","Not specified","Arhiva Naţională de Filme"," "," "," 1944 "," 546; 540 ","  "," 1 "," baci.1277-IMAGE.1.jpg " 
"o:baci.1278"," "," The ‘Cetate’ summer cinema in Timişoara ","Photo postcard","Not specified","Arhiva Naţională de Filme"," "," 1918 "," "," 546; 540 ","  "," 1 "," baci.1278-IMAGE.1.jpg " 
"o:baci.1279"," "," The ‘Gheorghe Gheorghiu-Dej’ cinema in Turnu Măgurele ","Photo postcard","Not specified","Arhiva Naţională de Filme"," "," 1948 "," "," 546; 540 ","  "," 1 "," baci.1279-IMAGE.1.jpg " 
"o:baci.1280"," "," Emblem of the Oficiul Național Cinematografic (O.N.C.) ","Sign","Not specified","Arhiva Naţională de Filme"," "," 1938 "," 1948 "," 546; 540 ","  "," 1 "," baci.1280-IMAGE.1.jpg " 
"o:baci.1281"," "," Grigore Brezeanu (1891–1919) ","Drawing","Not specified","Arhiva Naţională de Filme"," "," "," 1919 "," 546; 540 ","  "," 1 "," baci.1281-IMAGE.1.jpg " 
"o:baci.1282"," "," Dinu Negreanu (1917–2001) ","Photograph","Not specified","Arhiva Naţională de Filme"," "," "," "," 546; 540 ","  "," 1 "," baci.1282-IMAGE.1.jpg " 
"o:baci.1283"," "," Dinu Negreanu (1917–2001) ","Photograph","Not specified","Arhiva Naţională de Filme"," "," "," "," 546; 540 ","  "," 1 "," baci.1283-IMAGE.1.jpg " 
"o:baci.1284"," "," Grigore Brezeanu (1891–1919) ","Photograph","Not specified","Arhiva Naţională de Filme"," "," "," 1919 "," 546; 540 ","  "," 1 "," baci.1284-IMAGE.1.jpg " 
"o:baci.1285"," "," Grigore Brezeanu (1891–1919) ","Photograph","Not specified","Arhiva Naţională de Filme"," "," "," 1919 "," 546; 540 ","  "," 1 "," baci.1285-IMAGE.1.jpg " 
"o:baci.1286"," "," Janaki Manaki (1878–1954) ","Photograph","Not specified","Arhiva Naţională de Filme"," "," "," 1918 "," 546; 540 ","  "," 1 "," baci.1286-IMAGE.1.jpg " 
"o:baci.1287"," "," Ion Filotti Cantacuzino (1908–1975) ","Photograph","Not specified","Arhiva Naţională de Filme"," 1938 "," "," "," 546; 540 ","  "," 1 "," baci.1287-IMAGE.1.jpg " 
"o:baci.1288"," "," Ion Filotti Cantacuzino (1908–1975) ","Photograph","Not specified","Arhiva Naţională de Filme"," "," "," 1940 "," 546; 540 ","  "," 1 "," baci.1288-IMAGE.1.jpg " 
"o:baci.1289"," "," Ion Filotti Cantacuzino (1908–1975) and Jean Georgescu (1904–1994) ","Photograph","Not specified","Arhiva Naţională de Filme"," "," 1940 "," "," 546; 540 ","  "," 1 "," baci.1289-IMAGE.1.jpg " 
"o:baci.1290"," "," Paul Menu (1876–1873) ","Photograph","Not specified","Arhiva Naţională de Filme"," "," "," 1900 "," 546; 540 ","  "," 1 "," baci.1290-IMAGE.1.jpg " 
"o:baci.1291"," "," Still photograph from the Romanian feature film ‘Ciuleandra’ ","Still photograph","Not specified","Arhiva Naţională de Filme"," 1930 "," "," "," 546; 540 ","  "," 1 "," baci.1291-IMAGE.1.jpg " 
"o:baci.1292"," "," Still photograph from the Romanian feature film ‘Ciuleandra’ ","Still photograph","Not specified","Arhiva Naţională de Filme"," 1930 "," "," "," 546; 540 ","  "," 1 "," baci.1292-IMAGE.1.jpg " 
"o:baci.1293"," "," First film screening in Romania ","Photograph","Not specified","Arhiva Naţională de Filme"," "," "," "," 546; 540 ","  "," 1 "," baci.1293-IMAGE.1.jpg " 
"o:baci.1294"," "," Still photograph from the German feature film ‘Die Reiter Deutsch-Ostafrikas’ ","Still photograph","Not specified","Arhiva Naţională de Filme"," 1934 "," "," "," 546; 540 ","  "," 1 "," baci.1294-IMAGE.1.jpg " 
"o:baci.1295"," "," Still photograph from the Romanian feature film ‘Independenţă României’ ","Still photograph","Not specified","Arhiva Naţională de Filme"," 1912 "," "," "," 546; 540 ","  "," 1 "," baci.1295-IMAGE.1.jpg " 
"o:baci.1296"," "," Still photograph from the German feature film ‘Männer müssen so sein’ ","Still photograph","Not specified","Arhiva Naţională de Filme"," 1939 "," "," "," 546; 540 ","  "," 1 "," baci.1296-IMAGE.1.jpg " 
"o:baci.1297"," "," Still photograph from the German feature film ‘Zentrale Rio’ ","Still photograph","Not specified","Arhiva Naţională de Filme"," 1939 "," "," "," 546; 540 ","  "," 1 "," baci.1297-IMAGE.1.jpg " 
"o:baci.1298"," "," Still photograph from the Romanian feature film ‘Alo Bucureşti!’ ","Still photograph","Not specified","Arhiva Naţională de Filme"," 1944 "," "," "," 546; 540 ","  "," 1 "," baci.1298-IMAGE.1.jpg " 
"o:baci.1299"," "," Still photograph from the Romanian feature film ‘Alo Bucureşti!’ ","Still photograph","Not specified","Arhiva Naţională de Filme"," 1944 "," "," "," 546; 540 ","  "," 1 "," baci.1299-IMAGE.1.jpg " 
"o:baci.1300"," "," Still photograph from the Romanian feature film ‘Aşa e viaţa’ ","Still photograph","Not specified","Arhiva Naţională de Filme"," 1928 "," "," "," 546; 540 ","  "," 1 "," baci.1300-IMAGE.1.jpg " 
"o:baci.1301"," "," Still photograph from the Romanian feature film ‘Divertisment de dansuri’ ","Still photograph","Not specified","Arhiva Naţională de Filme"," 1930 "," "," "," 546; 540 ","  "," 1 "," baci.1301-IMAGE.1.jpg " 
"o:baci.1302"," "," Still photograph from the Romanian feature film ‘Ecaterina Teodoroiu’ ","Still photograph","Not specified","Arhiva Naţională de Filme"," 1930 "," "," "," 546; 540 ","  "," 1 "," baci.1302-IMAGE.1.jpg " 
"o:baci.1303"," "," Still photograph from the Romanian feature film ‘Ecaterina Teodoroiu’ ","Still photograph","Not specified","Arhiva Naţională de Filme"," 1930 "," "," "," 546; 540 ","  "," 1 "," baci.1303-IMAGE.1.jpg " 
"o:baci.1304"," "," Still photograph from the Romanian feature film ‘Ecaterina Teodoroiu’ ","Still photograph","Not specified","Arhiva Naţională de Filme"," 1930 "," "," "," 546; 540 ","  "," 1 "," baci.1304-IMAGE.1.jpg " 
"o:baci.1305"," "," Still photograph from the Romanian feature film ‘Focuri sub zăpadă’ ","Still photograph","Not specified","Arhiva Naţională de Filme"," 1941 "," "," "," 546; 540 ","  "," 1 "," baci.1305-IMAGE.1.jpg " 
"o:baci.1306"," "," Still photograph from the Romanian feature film ‘Gogulică ceferist’ ","Still photograph","Not specified","Arhiva Naţională de Filme"," 1930 "," "," "," 546; 540 ","  "," 1 "," baci.1306-IMAGE.1.jpg " 
"o:baci.1307"," "," Still photograph from the Romanian feature film ‘Haiducii’ ","Still photograph","Not specified","Arhiva Naţională de Filme"," 1929 "," "," "," 546; 540 ","  "," 1 "," baci.1307-IMAGE.1.jpg " 
"o:baci.1308"," "," Still photograph from the Romanian feature film ‘Maiorul Mura’ ","Still photograph","Not specified","Arhiva Naţională de Filme"," 1927 "," "," "," 546; 540 ","  "," 1 "," baci.1308-IMAGE.1.jpg " 
"o:baci.1309"," "," Still photograph from the Romanian feature film ‘Năzbâtiile lui Haplea’ ","Still photograph","Not specified","Arhiva Naţională de Filme"," 1948 "," "," "," 546; 540 ","  "," 1 "," baci.1309-IMAGE.1.jpg " 
"o:baci.1310"," "," Still photograph from the Romanian feature film ‘O noapte furtunoasă’ ","Still photograph","Not specified","Arhiva Naţională de Filme"," 1943 "," "," "," 546; 540 ","  "," 1 "," baci.1310-IMAGE.1.jpg " 
"o:baci.1311"," "," Still from the Romanian feature ‘Pacat’ ","Still photograph","Not specified","Arhiva Naţională de Filme"," 1924 "," "," "," 546; 540 ","  "," 1 "," baci.1311-IMAGE.1.jpg " 
"o:baci.1312"," "," Still photograph from the Romanian feature film ‘Piatra lui Osman’ ","Still photograph","Not specified","Arhiva Naţională de Filme"," 1929 "," "," "," 546; 540 ","  "," 1 "," baci.1312-IMAGE.1.jpg " 
"o:baci.1313"," "," Still photograph from the Romanian feature film ‘Prima dragoste’ ","Still photograph","Not specified","Arhiva Naţională de Filme"," 1932 "," "," "," 546; 540 ","  "," 1 "," baci.1313-IMAGE.1.jpg " 
"o:baci.1314"," "," Still photograph from the Romanian feature film ‘Venea o moara pe Siret’ ","Still photograph","Not specified","Arhiva Naţională de Filme"," 1929 "," "," "," 546; 540 ","  "," 1 "," baci.1314-IMAGE.1.jpg " 
"o:baci.1315"," "," Still photograph from the Romanian feature film ‘Venea o moara pe Siret’ ","Still photograph","Not specified","Arhiva Naţională de Filme"," 1929 "," "," "," 546; 540 ","  "," 1 "," baci.1315-IMAGE.1.jpg " 
"o:baci.1316"," "," Still photograph from the Romanian feature film ‘Visul unei nopţi de iarnă’ ","Still photograph","Not specified","Arhiva Naţională de Filme"," 1946 "," "," "," 546; 540 ","  "," 1 "," baci.1316-IMAGE.1.jpg " 
"o:baci.1317"," "," Still photograph from the Romanian feature film ‘Aşa e viaţa’ ","Still photograph","Not specified","Arhiva Naţională de Filme"," 1928 "," "," "," 546; 540 ","  "," 1 "," baci.1317-IMAGE.1.jpg " 
"o:baci.1318"," "," Still photograph from the Romanian feature film ‘Aşa e viaţa’ ","Still photograph","Not specified","Arhiva Naţională de Filme"," 1928 "," "," "," 546; 540 ","  "," 1 "," baci.1318-IMAGE.1.jpg " 
"o:baci.1319"," "," Still photograph from the Romanian feature film ‘Bing-Bang’ ","Still photograph","Not specified","Arhiva Naţională de Filme"," 1935 "," "," "," 546; 540 ","  "," 1 "," baci.1319-IMAGE.1.jpg " 
"o:baci.1320"," "," Still photograph from the Romanian feature film ‘Datorie şi sacrificiu’ ","Still photograph","Not specified","Arhiva Naţională de Filme"," 1926 "," "," "," 546; 540 ","  "," 1 "," baci.1320-IMAGE.1.jpg " 
"o:baci.1321"," "," Still photograph from the Romanian feature film ‘Datorie şi sacrificiu’ ","Still photograph","Not specified","Arhiva Naţională de Filme"," 1926 "," "," "," 546; 540 ","  "," 1 "," baci.1321-IMAGE.1.jpg " 
"o:baci.1322"," "," Still photograph from the Romanian feature film ‘Datorie şi sacrificiu’ ","Still photograph","Not specified","Arhiva Naţională de Filme"," 1926 "," "," "," 546; 540 ","  "," 1 "," baci.1322-IMAGE.1.jpg " 
"o:baci.1323"," "," Still photograph from the Romanian feature film‘Gogulică ceferist’ ","Still photograph","Not specified","Arhiva Naţională de Filme"," 1930 "," "," "," 546; 540 ","  "," 1 "," baci.1323-IMAGE.1.jpg " 
"o:baci.1324"," "," Still photograph from the Romanian feature film ‘Haiducii’ ","Still photograph","Not specified","Arhiva Naţională de Filme"," 1929 "," "," "," 546; 540 ","  "," 1 "," baci.1324-IMAGE.1.jpg " 
"o:baci.1325"," "," Still photograph from the Romanian feature film ‘Haiducii’ ","Still photograph","Not specified","Arhiva Naţională de Filme"," 1929 "," "," "," 546; 540 ","  "," 1 "," baci.1325-IMAGE.1.jpg " 
"o:baci.1326"," "," Still photograph from the Romanian feature film ‘Haiducii’ ","Still photograph","Not specified","Arhiva Naţională de Filme"," 1929 "," "," "," 546; 540 ","  "," 1 "," baci.1326-IMAGE.1.jpg " 
"o:baci.1327"," "," Still photograph from the Romanian feature film ‘Haiducii’ ","Still photograph","Not specified","Arhiva Naţională de Filme"," 1929 "," "," "," 546; 540 ","  "," 1 "," baci.1327-IMAGE.1.jpg " 
"o:baci.1328"," "," Still photograph from the Romanian feature film ‘Haiducii’ ","Still photograph","Not specified","Arhiva Naţională de Filme"," 1929 "," "," "," 546; 540 ","  "," 1 "," baci.1328-IMAGE.1.jpg " 
"o:baci.1329"," "," Still photograph from the Romanian feature film ‘Lache în harem’ ","Still photograph","Not specified","Arhiva Naţională de Filme"," 1927 "," "," "," 546; 540 ","  "," 1 "," baci.1329-IMAGE.1.jpg " 
"o:baci.1330"," "," Still photograph from the Romanian feature film ‘Lache în harem’ ","Still photograph","Not specified","Arhiva Naţională de Filme"," 1927 "," "," "," 546; 540 ","  "," 1 "," baci.1330-IMAGE.1.jpg " 
"o:baci.1331"," "," Still photograph from the Romanian feature film ‘Lache în harem’ ","Still photograph","Not specified","Arhiva Naţională de Filme"," 1927 "," "," "," 546; 540 ","  "," 1 "," baci.1331-IMAGE.1.jpg " 
"o:baci.1332"," "," Still photograph from the Romanian feature film ‘Lache în harem’ ","Still photograph","Not specified","Arhiva Naţională de Filme"," 1927 "," "," "," 546; 540 ","  "," 1 "," baci.1332-IMAGE.1.jpg " 
"o:baci.1333"," "," Still photograph from the Romanian feature film ‘Lache în harem’ ","Still photograph","Not specified","Arhiva Naţională de Filme"," 1927 "," "," "," 546; 540 ","  "," 1 "," baci.1333-IMAGE.1.jpg " 
"o:baci.1334"," "," Still photograph from the Romanian feature film ‘Lache în harem’ ","Still photograph","Not specified","Arhiva Naţională de Filme"," 1927 "," "," "," 546; 540 ","  "," 1 "," baci.1334-IMAGE.1.jpg " 
"o:baci.1335"," "," Still photograph from the Romanian feature film ‘Lache în harem’ ","Still photograph","Not specified","Arhiva Naţională de Filme"," 1927 "," "," "," 546; 540 ","  "," 1 "," baci.1335-IMAGE.1.jpg " 
"o:baci.1336"," "," Still photograph from the Romanian feature film ‘Lache în harem’ ","Still photograph","Not specified","Arhiva Naţională de Filme"," 1927 "," "," "," 546; 540 ","  "," 1 "," baci.1336-IMAGE.1.jpg " 
"o:baci.1337"," "," Still photograph from the Romanian feature film ‘Lya’ ","Still photograph","Not specified","Arhiva Naţională de Filme"," 1927 "," "," "," 546; 540 ","  "," 1 "," baci.1337-IMAGE.1.jpg " 
"o:baci.1338"," "," Still photograph from the Romanian feature film ‘Lya’ ","Still photograph","Not specified","Arhiva Naţională de Filme"," 1927 "," "," "," 546; 540 ","  "," 1 "," baci.1338-IMAGE.1.jpg " 
"o:baci.1339"," "," Still photograph from the Romanian feature film ‘Lya’ ","Still photograph","Not specified","Arhiva Naţională de Filme"," 1927 "," "," "," 546; 540 ","  "," 1 "," baci.1339-IMAGE.1.jpg " 
"o:baci.1340"," "," Still photograph from the Romanian feature film ‘Lya’ ","Still photograph","Not specified","Arhiva Naţională de Filme"," 1927 "," "," "," 546; 540 ","  "," 1 "," baci.1340-IMAGE.1.jpg " 
"o:baci.1341"," "," Poster announcing the Romanian feature film ‘Maiorul Mura’ ","Poster","Not specified","Arhiva Naţională de Filme"," "," 1927 "," "," 546; 540 ","  "," 1 "," baci.1341-IMAGE.1.jpg " 
"o:baci.1342"," "," Still photograph from the Romanian feature film ‘Maiorul Mura’ ","Still photograph","Not specified","Arhiva Naţională de Filme"," 1927 "," "," "," 546; 540 ","  "," 1 "," baci.1342-IMAGE.1.jpg " 
"o:baci.1343"," "," Still photograph from the Romanian feature film ‘Maiorul Mura’ ","Still photograph","Not specified","Arhiva Naţională de Filme"," 1927 "," "," "," 546; 540 ","  "," 1 "," baci.1343-IMAGE.1.jpg " 
"o:baci.1344"," "," Still photograph from the Romanian feature film ‘Maiorul Mura’ ","Still photograph","Not specified","Arhiva Naţională de Filme"," 1927 "," "," "," 546; 540 ","  "," 1 "," baci.1344-IMAGE.1.jpg " 
"o:baci.1345"," "," Still photograph from the Romanian feature film ‘Maiorul Mura’ ","Still photograph","Not specified","Arhiva Naţională de Filme"," 1927 "," "," "," 546; 540 ","  "," 1 "," baci.1345-IMAGE.1.jpg " 
"o:baci.1346"," "," Still photograph from the Romanian feature film ‘Maiorul Mura’ ","Still photograph","Not specified","Arhiva Naţională de Filme"," 1927 "," "," "," 546; 540 ","  "," 1 "," baci.1346-IMAGE.1.jpg " 
"o:baci.1347"," "," Still photograph from the Romanian feature film ‘O noapte de pomină’ ","Still photograph","Not specified","Arhiva Naţională de Filme"," 1939 "," "," "," 546; 540 ","  "," 1 "," baci.1347-IMAGE.1.jpg " 
"o:baci.1348"," "," Still photograph from the Romanian feature film ‘O noapte furtunoasă’ ","Still photograph","Not specified","Arhiva Naţională de Filme"," 1943 "," "," "," 546; 540 ","  "," 1 "," baci.1348-IMAGE.1.jpg " 
"o:baci.1349"," "," Still photograph from the Romanian feature film ‘O noapte furtunoasă’ ","Still photograph","Not specified","Arhiva Naţională de Filme"," 1943 "," "," "," 546; 540 ","  "," 1 "," baci.1349-IMAGE.1.jpg " 
"o:baci.1350"," "," Still photograph from the Romanian feature film ‘O noapte furtunoasă’ ","Still photograph","Not specified","Arhiva Naţională de Filme"," 1943 "," "," "," 546; 540 ","  "," 1 "," baci.1350-IMAGE.1.jpg " 
"o:baci.1351"," "," Still photograph from the Romanian feature film ‘O noapte furtunoasă’ ","Still photograph","Not specified","Arhiva Naţională de Filme"," 1943 "," "," "," 546; 540 ","  "," 1 "," baci.1351-IMAGE.1.jpg " 
"o:baci.1352"," "," Still photograph from the Romanian feature film ‘O noapte furtunoasă’ ","Still photograph","Not specified","Arhiva Naţională de Filme"," 1943 "," "," "," 546; 540 ","  "," 1 "," baci.1352-IMAGE.1.jpg " 
"o:baci.1353"," "," Still photograph from the Romanian feature film ‘O noapte furtunoasă’ ","Still photograph","Not specified","Arhiva Naţională de Filme"," 1943 "," "," "," 546; 540 ","  "," 1 "," baci.1353-IMAGE.1.jpg " 
"o:baci.1354"," "," Still photograph from the Romanian feature film ‘Trenul fantomă’ ","Still photograph","Not specified","Arhiva Naţională de Filme"," 1933 "," "," "," 546; 540 ","  "," 1 "," baci.1354-IMAGE.1.jpg " 
"o:baci.1355"," "," Still photograph from the Romanian feature film ‘Trenul fantomă’ ","Still photograph","Not specified","Arhiva Naţională de Filme"," 1933 "," "," "," 546; 540 ","  "," 1 "," baci.1355-IMAGE.1.jpg " 
"o:baci.1356"," "," Still photograph from the Romanian feature film ‘Trenul fantomă’ ","Still photograph","Not specified","Arhiva Naţională de Filme"," 1933 "," "," "," 546; 540 ","  "," 1 "," baci.1356-IMAGE.1.jpg " 
"o:baci.1357"," "," Still photograph from the Romanian feature film ‘Trenul fantomă’ ","Still photograph","Not specified","Arhiva Naţională de Filme"," 1933 "," "," "," 546; 540 ","  "," 1 "," baci.1357-IMAGE.1.jpg " 
"o:baci.1358"," "," Still photograph from the Romanian feature film ‘Trenul fantomă’ ","Still photograph","Not specified","Arhiva Naţională de Filme"," 1933 "," "," "," 546; 540 ","  "," 1 "," baci.1358-IMAGE.1.jpg " 
"o:baci.1359"," "," Still photograph from the Romanian feature film ‘Trenul fantomă’ ","Still photograph","Not specified","Arhiva Naţională de Filme"," 1933 "," "," "," 546; 540 ","  "," 1 "," baci.1359-IMAGE.1.jpg " 
"o:baci.1360"," "," Still photograph from the Romanian feature film ‘Visul lui Tănase’ ","Still photograph","Not specified","Arhiva Naţională de Filme"," 1932 "," "," "," 546; 540 ","  "," 1 "," baci.1360-IMAGE.1.jpg " 
"o:baci.1361"," "," Still photograph from the Romanian feature film ‘Visul lui Tănase’ ","Still photograph","Not specified","Arhiva Naţională de Filme"," 1932 "," "," "," 546; 540 ","  "," 1 "," baci.1361-IMAGE.1.jpg " 
"o:baci.1362"," "," Still photograph from the Romanian feature film ‘Visul unei nopţi de iarnă’ ","Still photograph","Not specified","Arhiva Naţională de Filme"," 1946 "," "," "," 546; 540 ","  "," 1 "," baci.1362-IMAGE.1.jpg " 
"o:baci.1363"," "," Still photograph from the Romanian feature film ‘Visul unei nopţi de iarnă’ ","Still photograph","Not specified","Arhiva Naţională de Filme"," 1946 "," "," "," 546; 540 ","  "," 1 "," baci.1363-IMAGE.1.jpg " 
"o:baci.1365"," "," Advertisement for the Romanian feature film ‘Independenţă României’ ","Leaflet","Not specified","Arhiva Naţională de Filme"," "," 1912 "," "," 546; 540 ","  "," 1 "," baci.1365-IMAGE.1.jpg " 
"o:baci.1366"," "," Shooting of the Romanian feature film ‘Independenţă României’ ","Photograph","Not specified","Arhiva Naţională de Filme"," "," 1912 "," "," 546; 540 ","  "," 1 "," baci.1366-IMAGE.1.jpg " 
"o:baci.1367"," "," Still photograph from the Romanian feature film ‘Independenţă României’ ","Still photograph","Not specified","Arhiva Naţională de Filme"," 1912 "," "," "," 546; 540 ","  "," 1 "," baci.1367-IMAGE.1.jpg " 
"o:baci.1368"," "," Still photograph from the Romanian feature film ‘Independenţă României’ ","Still photograph","Not specified","Arhiva Naţională de Filme"," 1912 "," "," "," 546; 540 ","  "," 1 "," baci.1368-IMAGE.1.jpg " 
"o:baci.1369"," "," Still photograph from the Romanian feature film ‘Independenţă României’ ","Still photograph","Not specified","Arhiva Naţională de Filme"," 1912 "," "," "," 546; 540 ","  "," 1 "," baci.1369-IMAGE.1.jpg "